id,lastday,outcome,recrud,logA0,logA1,ppost_user,ppost_empB
MM001,NA,0,NA,NA,NA,NA,NA
MM002,NA,0,NA,NA,NA,NA,NA
MM004,NA,0,NA,NA,NA,NA,NA
MM005,NA,0,NA,NA,NA,NA,NA
MM006,NA,0,NA,NA,NA,NA,NA
MM007,NA,0,NA,NA,NA,NA,NA
MM008,21,1,FALSE,-523.2288820174919,-535.8757533707544,3.217600794938897e-6,2.568791779216609e-7
MM009,NA,0,NA,NA,NA,NA,NA
MM010,NA,0,NA,NA,NA,NA,NA
MM011,NA,0,NA,NA,NA,NA,NA
MM013,21,1,TRUE,-356.629794505742,-284.08202923357527,1,1
MM014,NA,0,NA,NA,NA,NA,NA
MM015,NA,0,NA,NA,NA,NA,NA
MM016,NA,0,NA,NA,NA,NA,NA
MM018,NA,0,NA,NA,NA,NA,NA
MM019,NA,0,NA,NA,NA,NA,NA
MM020,NA,0,NA,NA,NA,NA,NA
MM021,NA,0,NA,NA,NA,NA,NA
MM022,NA,0,NA,NA,NA,NA,NA
MM023,NA,0,NA,NA,NA,NA,NA
MM024,28,1,FALSE,-382.59267243630273,-395.8737522780572,1.7064735842160995e-6,1.3623719966040378e-7
MM025,NA,0,NA,NA,NA,NA,NA
MM026,NA,0,NA,NA,NA,NA,NA
MM027,NA,0,NA,NA,NA,NA,NA
MM028,NA,0,NA,NA,NA,NA,NA
MM029,NA,0,NA,NA,NA,NA,NA
MM030,28,1,FALSE,-501.1384159565015,-525.3826947600415,2.956946710888724e-11,2.3606899667816925e-12
MM031,NA,0,NA,NA,NA,NA,NA
MM032,NA,0,NA,NA,NA,NA,NA
MM033,21,1,TRUE,-337.0175659531883,-197.91763929720955,1,1
MM034,NA,0,NA,NA,NA,NA,NA
MM035,NA,0,NA,NA,NA,NA,NA
MM036,NA,0,NA,NA,NA,NA,NA
MM037,21,1,TRUE,-454.43499491293613,-412.98059863175064,1,1
MM039,NA,0,NA,NA,NA,NA,NA
MM041,NA,0,NA,NA,NA,NA,NA
MM042,NA,0,NA,NA,NA,NA,NA
MM043,NA,0,NA,NA,NA,NA,NA
MM044,21,1,FALSE,-495.74369647199273,-503.6962647734721,3.5163389409522506e-4,2.8081915619648996e-5
MM045,28,1,FALSE,-324.4353259155656,-354.0071751438681,1.4358499601902186e-13,1.1463164291232203e-14
MM046,NA,0,NA,NA,NA,NA,NA
MM047,21,1,TRUE,-210.7915427462664,-119.44426545271149,1,1
MM048,21,1,FALSE,-460.8491952543164,-524.560431459724,2.140728942619552e-28,1.7090593204450961e-29
MM049,21,1,FALSE,-451.23158849742174,-507.6672685539007,3.092399319387491e-25,2.4688290862599064e-26
MM050,NA,0,NA,NA,NA,NA,NA
MM051,NA,0,NA,NA,NA,NA,NA
MM052,NA,0,NA,NA,NA,NA,NA
MM053,28,1,FALSE,-510.8927767437694,-683.8615150322636,7.59681270991419e-76,6.0649451264330454e-77
MM054,NA,0,NA,NA,NA,NA,NA
MM055,21,1,FALSE,-280.0442879514806,-792.6692268252436,2.343245335214287e-223,1.8707390742038427e-224
MM057,21,1,FALSE,-439.7456398141031,-463.2542133900488,6.171009550173696e-11,4.926649600006785e-12
MM058,NA,0,NA,NA,NA,NA,NA
MM059,21,1,FALSE,-370.8778816185812,-483.7563363129322,9.49532863795883e-50,7.5806327397694e-51
MM060,28,1,FALSE,-386.59085071116834,-532.5808009596732,3.95703775277294e-64,3.1591165598266926e-65
MM061,28,1,FALSE,-476.2486210973831,-527.9683516639873,3.454668733342697e-23,2.758048289170483e-24
MM062,NA,0,NA,NA,NA,NA,NA
MM063,NA,0,NA,NA,NA,NA,NA
MM064,28,1,FALSE,-415.2562733310743,-469.36877838676514,3.15673156093914e-24,2.5201889828073123e-25
MM065,NA,0,NA,NA,NA,NA,NA
MM066,28,1,FALSE,-320.4982424724201,-460.5742455407049,1.464754430742461e-61,1.1693924261894233e-62
MM067,NA,0,NA,NA,NA,NA,NA
MM068,NA,0,NA,NA,NA,NA,NA
MM069,NA,0,NA,NA,NA,NA,NA
MM070,NA,0,NA,NA,NA,NA,NA
MM071,14,1,TRUE,-446.0865788555532,-443.46425201501796,0.9322847474626142,0.5236170286280646
MM072,NA,0,NA,NA,NA,NA,NA
MM073,21,1,FALSE,-567.893300321731,-702.3397163777158,4.080030364483891e-59,3.2573081922218057e-60
MM074,NA,0,NA,NA,NA,NA,NA
MM075,NA,0,NA,NA,NA,NA,NA
MM076,NA,0,NA,NA,NA,NA,NA
MM077,21,1,FALSE,-430.0661188844296,-599.1679117016143,3.630985374152705e-74,2.898811368664881e-75
MM078,NA,0,NA,NA,NA,NA,NA
MM079,NA,0,NA,NA,NA,NA,NA
MM080,NA,0,NA,NA,NA,NA,NA
MM081,NA,0,NA,NA,NA,NA,NA
MM082,25,1,FALSE,-350.2742627376709,-422.33653642073597,5.0553611434746e-32,4.035967332650397e-33
MM083,NA,0,NA,NA,NA,NA,NA
MM084,NA,0,NA,NA,NA,NA,NA
MM085,14,1,FALSE,-299.80737211363555,-983.6497641668967,1.0257053948260895e-297,8.188759119187958e-299
MM086,21,1,TRUE,-276.05596083702216,-234.6102745100759,1,1
MM087,NA,0,NA,NA,NA,NA,NA
MM088,NA,0,NA,NA,NA,NA,NA
