Sample	Gene	Gene_ID	reference_AA_pos	reference_AA	AA	is_reference	AA_freq	Read	Treatment
AC002_D0	PX1	PF3D7_0720700	1222	L	L	TRUE	1	189	Ts
AC004_D0	PX1	PF3D7_0720700	1222	L	P	FALSE	1	94	Tf0
AC004_TF	PX1	PF3D7_0720700	1222	L	P	FALSE	1	112	Tf
AC011_D0	PX1	PF3D7_0720700	1222	L	L	TRUE	1	346	Ts
AC034_D0	PX1	PF3D7_0720700	1222	L	P	FALSE	1	360	Ts
AC050_D0	PX1	PF3D7_0720700	1222	L	L	TRUE	1	144	Ts
AC069_D0	PX1	PF3D7_0720700	1222	L	L	TRUE	1	77	Tf0
AC069_TF	PX1	PF3D7_0720700	1222	L	L	TRUE	1	127	Tf
AC084_D0	PX1	PF3D7_0720700	1222	L	P	FALSE	1	148	Tf0
AC091_D0	PX1	PF3D7_0720700	1222	L	L	TRUE	1	176	Tf0
GM002_D0	PX1	PF3D7_0720700	1222	L	L	TRUE	1	95	Ts
GM046_D0	PX1	PF3D7_0720700	1222	L	L	TRUE	1	249	Tf0
GM046_TF	PX1	PF3D7_0720700	1222	L	L	TRUE	1	106	Tf
GM068_D0	PX1	PF3D7_0720700	1222	L	L	TRUE	1	159	Ts
GM070_D0	PX1	PF3D7_0720700	1222	L	L	TRUE	1	199	Tf0
GM070_TF	PX1	PF3D7_0720700	1222	L	L	TRUE	1	145	Tf
MM015_D0	PX1	PF3D7_0720700	1222	L	L	TRUE	1	56	Ts
MM033_D0	PX1	PF3D7_0720700	1222	L	P	FALSE	1	288	Tf0
MM033_TF	PX1	PF3D7_0720700	1222	L	P	FALSE	1	42	Tf
MM037_D0	PX1	PF3D7_0720700	1222	L	L	TRUE	1	236	Tf0
MM037_TF	PX1	PF3D7_0720700	1222	L	L	TRUE	1	73	Tf
MM042_D0	PX1	PF3D7_0720700	1222	L	L	TRUE	1	121	Ts
MM047_D0	PX1	PF3D7_0720700	1222	L	L	TRUE	1	219	Tf0
MM047_TF	PX1	PF3D7_0720700	1222	L	L	TRUE	1	121	Tf
AC043_D21	PX1	PF3D7_0720700	1222	L	L	TRUE	1	28	Tf
AC074_D0	PX1	PF3D7_0720700	1222	L	L	TRUE	1	233	Ts
GM025_D0	PX1	PF3D7_0720700	1222	L	L	TRUE	1	472	Ts
GM027_D0	PX1	PF3D7_0720700	1222	L	L	TRUE	1	349	Tf0
GM027_D21	PX1	PF3D7_0720700	1222	L	L	TRUE	1	335	Tf
GM045_D0	PX1	PF3D7_0720700	1222	L	L	TRUE	1	55	Tf0
GM065_D0	PX1	PF3D7_0720700	1222	L	L	TRUE	1	378	Ts
GM071_D0	PX1	PF3D7_0720700	1222	L	L	TRUE	1	396	Ts
GM076_D0	PX1	PF3D7_0720700	1222	L	L	TRUE	1	264	Tf0
GM076_D21	PX1	PF3D7_0720700	1222	L	L	TRUE	1	266	Tf
MM011_D0	PX1	PF3D7_0720700	1222	L	L	TRUE	1	443	Ts
MM013_D0	PX1	PF3D7_0720700	1222	L	L	TRUE	1	99	Tf0
MM013_D21	PX1	PF3D7_0720700	1222	L	L	TRUE	1	157	Tf
MM051_D0	PX1	PF3D7_0720700	1222	L	L	TRUE	1	266	Ts
MM068_D0	PX1	PF3D7_0720700	1222	L	L	TRUE	1	141	Ts
MM081_D0	PX1	PF3D7_0720700	1222	L	L	TRUE	1	161	Ts
MM086_D0	PX1	PF3D7_0720700	1222	L	L	TRUE	1	372	Tf0
AC002_D0	PX1	PF3D7_0720700	1701	M	M	TRUE	1	258	Ts
AC004_D0	PX1	PF3D7_0720700	1701	M	I	FALSE	1	154	Tf0
AC004_TF	PX1	PF3D7_0720700	1701	M	I	FALSE	1	138	Tf
AC011_D0	PX1	PF3D7_0720700	1701	M	M	TRUE	1	408	Ts
AC034_D0	PX1	PF3D7_0720700	1701	M	I	FALSE	1	528	Ts
AC050_D0	PX1	PF3D7_0720700	1701	M	I	FALSE	1	226	Ts
AC069_D0	PX1	PF3D7_0720700	1701	M	M	TRUE	1	128	Tf0
AC069_TF	PX1	PF3D7_0720700	1701	M	I	FALSE	1	181	Tf
AC084_D0	PX1	PF3D7_0720700	1701	M	I	FALSE	0.745098	114	Tf0
AC084_D0	PX1	PF3D7_0720700	1701	M	M	TRUE	0.254902	39	Tf0
AC084_TF	PX1	PF3D7_0720700	1701	M	I	FALSE	1	11	Tf
AC091_D0	PX1	PF3D7_0720700	1701	M	I	FALSE	0.5	125	Tf0
AC091_D0	PX1	PF3D7_0720700	1701	M	M	TRUE	0.5	125	Tf0
GM002_D0	PX1	PF3D7_0720700	1701	M	I	FALSE	1	158	Ts
GM046_D0	PX1	PF3D7_0720700	1701	M	I	FALSE	1	361	Tf0
GM046_TF	PX1	PF3D7_0720700	1701	M	I	FALSE	1	149	Tf
GM068_D0	PX1	PF3D7_0720700	1701	M	M	TRUE	1	297	Ts
GM070_D0	PX1	PF3D7_0720700	1701	M	M	TRUE	1	347	Tf0
GM070_TF	PX1	PF3D7_0720700	1701	M	M	TRUE	1	178	Tf
MM015_D0	PX1	PF3D7_0720700	1701	M	M	TRUE	1	123	Ts
MM033_D0	PX1	PF3D7_0720700	1701	M	I	FALSE	1	407	Tf0
MM033_TF	PX1	PF3D7_0720700	1701	M	I	FALSE	1	73	Tf
MM037_D0	PX1	PF3D7_0720700	1701	M	M	TRUE	1	289	Tf0
MM037_TF	PX1	PF3D7_0720700	1701	M	M	TRUE	1	193	Tf
MM042_D0	PX1	PF3D7_0720700	1701	M	M	TRUE	1	117	Ts
MM047_D0	PX1	PF3D7_0720700	1701	M	M	TRUE	1	303	Tf0
MM047_TF	PX1	PF3D7_0720700	1701	M	M	TRUE	1	165	Tf
AC043_D21	PX1	PF3D7_0720700	1701	M	M	TRUE	1	38	Tf
AC074_D0	PX1	PF3D7_0720700	1701	M	M	TRUE	1	272	Ts
GM025_D0	PX1	PF3D7_0720700	1701	M	I	FALSE	1	622	Ts
GM027_D0	PX1	PF3D7_0720700	1701	M	M	TRUE	1	448	Tf0
GM027_D21	PX1	PF3D7_0720700	1701	M	M	TRUE	1	315	Tf
GM045_D0	PX1	PF3D7_0720700	1701	M	M	TRUE	1	74	Tf0
GM065_D0	PX1	PF3D7_0720700	1701	M	I	FALSE	1	495	Ts
GM071_D0	PX1	PF3D7_0720700	1701	M	I	FALSE	1	588	Ts
GM076_D0	PX1	PF3D7_0720700	1701	M	M	TRUE	1	327	Tf0
GM076_D21	PX1	PF3D7_0720700	1701	M	M	TRUE	1	347	Tf
MM011_D0	PX1	PF3D7_0720700	1701	M	M	TRUE	1	543	Ts
MM013_D0	PX1	PF3D7_0720700	1701	M	M	TRUE	1	134	Tf0
MM013_D21	PX1	PF3D7_0720700	1701	M	I	FALSE	1	203	Tf
MM051_D0	PX1	PF3D7_0720700	1701	M	M	TRUE	1	402	Ts
MM068_D0	PX1	PF3D7_0720700	1701	M	M	TRUE	1	161	Ts
MM081_D0	PX1	PF3D7_0720700	1701	M	I	FALSE	1	202	Ts
MM086_D0	PX1	PF3D7_0720700	1701	M	I	FALSE	0.940426	442	Tf0
MM086_D0	PX1	PF3D7_0720700	1701	M	M	TRUE	0.0595745	28	Tf0
AC002_D0	PX1	PF3D7_0720700	1705	D	D	TRUE	1	258	Ts
AC004_D0	PX1	PF3D7_0720700	1705	D	N	FALSE	1	154	Tf0
AC004_TF	PX1	PF3D7_0720700	1705	D	N	FALSE	1	138	Tf
AC011_D0	PX1	PF3D7_0720700	1705	D	D	TRUE	1	408	Ts
AC034_D0	PX1	PF3D7_0720700	1705	D	N	FALSE	1	528	Ts
AC050_D0	PX1	PF3D7_0720700	1705	D	D	TRUE	1	226	Ts
AC069_D0	PX1	PF3D7_0720700	1705	D	D	TRUE	1	128	Tf0
AC069_TF	PX1	PF3D7_0720700	1705	D	D	TRUE	1	181	Tf
AC084_D0	PX1	PF3D7_0720700	1705	D	N	FALSE	0.745098	114	Tf0
AC084_D0	PX1	PF3D7_0720700	1705	D	D	TRUE	0.254902	39	Tf0
AC084_TF	PX1	PF3D7_0720700	1705	D	N	FALSE	1	11	Tf
AC091_D0	PX1	PF3D7_0720700	1705	D	D	TRUE	1	250	Tf0
GM002_D0	PX1	PF3D7_0720700	1705	D	D	TRUE	1	158	Ts
GM046_D0	PX1	PF3D7_0720700	1705	D	D	TRUE	1	361	Tf0
GM046_TF	PX1	PF3D7_0720700	1705	D	D	TRUE	1	149	Tf
GM068_D0	PX1	PF3D7_0720700	1705	D	D	TRUE	1	297	Ts
GM070_D0	PX1	PF3D7_0720700	1705	D	D	TRUE	1	347	Tf0
GM070_TF	PX1	PF3D7_0720700	1705	D	D	TRUE	1	178	Tf
MM015_D0	PX1	PF3D7_0720700	1705	D	D	TRUE	1	123	Ts
MM033_D0	PX1	PF3D7_0720700	1705	D	N	FALSE	1	407	Tf0
MM033_TF	PX1	PF3D7_0720700	1705	D	N	FALSE	1	73	Tf
MM037_D0	PX1	PF3D7_0720700	1705	D	D	TRUE	1	289	Tf0
MM037_TF	PX1	PF3D7_0720700	1705	D	D	TRUE	1	193	Tf
MM042_D0	PX1	PF3D7_0720700	1705	D	D	TRUE	1	117	Ts
MM047_D0	PX1	PF3D7_0720700	1705	D	D	TRUE	1	303	Tf0
MM047_TF	PX1	PF3D7_0720700	1705	D	D	TRUE	1	165	Tf
AC043_D21	PX1	PF3D7_0720700	1705	D	D	TRUE	1	38	Tf
AC074_D0	PX1	PF3D7_0720700	1705	D	D	TRUE	1	272	Ts
GM025_D0	PX1	PF3D7_0720700	1705	D	D	TRUE	1	622	Ts
GM027_D0	PX1	PF3D7_0720700	1705	D	D	TRUE	1	448	Tf0
GM027_D21	PX1	PF3D7_0720700	1705	D	D	TRUE	1	315	Tf
GM045_D0	PX1	PF3D7_0720700	1705	D	D	TRUE	1	74	Tf0
GM065_D0	PX1	PF3D7_0720700	1705	D	D	TRUE	1	495	Ts
GM071_D0	PX1	PF3D7_0720700	1705	D	D	TRUE	1	588	Ts
GM076_D0	PX1	PF3D7_0720700	1705	D	D	TRUE	1	327	Tf0
GM076_D21	PX1	PF3D7_0720700	1705	D	D	TRUE	1	347	Tf
MM011_D0	PX1	PF3D7_0720700	1705	D	D	TRUE	1	543	Ts
MM013_D0	PX1	PF3D7_0720700	1705	D	D	TRUE	1	134	Tf0
MM013_D21	PX1	PF3D7_0720700	1705	D	D	TRUE	1	203	Tf
MM051_D0	PX1	PF3D7_0720700	1705	D	D	TRUE	1	402	Ts
MM068_D0	PX1	PF3D7_0720700	1705	D	D	TRUE	1	161	Ts
MM081_D0	PX1	PF3D7_0720700	1705	D	D	TRUE	1	202	Ts
MM086_D0	PX1	PF3D7_0720700	1705	D	D	TRUE	1	470	Tf0
