"Locus","count","freq"
"Pf3D7_01_v3-145388-145662-1A",17,0.708333333333333
"Pf3D7_01_v3-535965-536239-1A",10,0.416666666666667
"Pf3D7_02_v3-630641-630907-1A",16,0.666666666666667
"Pf3D7_03_v3-855426-855697-1A",16,0.666666666666667
"Pf3D7_03_v3-891553-891827-1A",16,0.666666666666667
"Pf3D7_05_v3-958079-958350-1B",20,0.833333333333333
"Pf3D7_06_v3-1115900-1116168-1A",10,0.416666666666667
"Pf3D7_06_v3-1140900-1141174-1A",19,0.791666666666667
"Pf3D7_06_v3-1235395-1235658-1A",13,0.541666666666667
"Pf3D7_06_v3-1282656-1282930-1A",18,0.75
"Pf3D7_07_v3-403801-404052-1B",10,0.416666666666667
"Pf3D7_07_v3-627351-627625-1A",14,0.583333333333333
"Pf3D7_07_v3-729480-729750-1A",13,0.541666666666667
"Pf3D7_08_v3-399693-399961-1A",17,0.708333333333333
"Pf3D7_08_v3-585331-585590-1A",10,0.416666666666667
"Pf3D7_09_v3-164045-164311-1A",15,0.625
"Pf3D7_09_v3-595828-596094-1A",9,0.375
"Pf3D7_09_v3-685560-685825-1A",17,0.708333333333333
"Pf3D7_11_v3-115913-116184-1A",17,0.708333333333333
"Pf3D7_11_v3-1934962-1935236-1A",10,0.416666666666667
"Pf3D7_13_v3-1465616-1465890-1A",14,0.583333333333333
"Pf3D7_13_v3-1724895-1725166-1B",17,0.708333333333333
"Pf3D7_13_v3-1725208-1725471-1B",12,0.5
"Pf3D7_13_v3-2840462-2840736-1B",9,0.375
"Pf3D7_13_v3-2841390-2841688-1B2",10,0.416666666666667
"Pf3D7_13_v3-852647-852921-1A",17,0.708333333333333
"Pf3D7_14_v3-1166107-1166371-1A",10,0.416666666666667
"Pf3D7_14_v3-137398-137668-1A",16,0.666666666666667
"Pf3D7_14_v3-1956056-1956330-1B",9,0.375
"Pf3D7_14_v3-279563-279833-1A",18,0.75
"Pf3D7_14_v3-2858894-2859160-1A",15,0.625
"Pf3D7_14_v3-298368-298636-1B",10,0.416666666666667
