"SampleID","StudySubject","Reason"
"AC056-D21_S1","AC056-D21","Few Total Reads"
"GM005-D0_S94","GM005-D0","Few Total Reads"
"GM021-D0_S121","GM021-D0","Few Total Reads"
"MM007-D21_S111","MM007-D21","Few Total Reads"
"MM057-D0_S25","MM057-D0","Few Total Reads"
"AA043-D0_S58","AA043-D0","Insufficient locus coverage"
"AC022-D0_S108","AC022-D0","Less than 50% loci covered"
"AC032-D0_S120","AC032-D0","Less than 50% loci covered"
"AC041-D0_S132","AC041-D0","Less than 50% loci covered"
"GM015-D0_S109","GM015-D0","Less than 50% loci covered"
"GM029-D0_S133","GM029-D0","Less than 50% loci covered"
"MM051-D0_S128","MM051-D0","Less than 50% loci covered"
"MM056-D0_S13","MM056-D0","Less than 50% loci covered"
"MM070-D0_S12","MM070-D0","Less than 50% loci covered"
