"SampleID","Batch","SuperBatch","CNVControl","Run"
"3D7-1_S220",3,"four","TRUE","run4"
"3D7-3_S124",2,"four","TRUE","run4"
"AA001-D0_S193",3,"four","FALSE","run4"
"AA003-D0_S205",3,"four","FALSE","run4"
"AA004-D0_S217",3,"four","FALSE","run4"
"AA005-D0_S229",3,"four","FALSE","run4"
"AA006-D0_S241",3,"four","FALSE","run4"
"AA007-D0_S253",3,"four","FALSE","run4"
"AA008-D0_S265",3,"four","FALSE","run4"
"AA009-D0_S277",3,"four","FALSE","run4"
"AA010-D0_S194",3,"four","FALSE","run4"
"AA011-D0_S206",3,"four","FALSE","run4"
"AA012-D0_S218",3,"four","FALSE","run4"
"AA013-D0_S230",3,"four","FALSE","run4"
"AA014-D0_S242",3,"four","FALSE","run4"
"AA015-D0_S266",3,"four","FALSE","run4"
"AA016-D0_S278",3,"four","FALSE","run4"
"AA018-D0_S195",3,"four","FALSE","run4"
"AA019-D0_S207",3,"four","FALSE","run4"
"AA020-D0_S219",3,"four","FALSE","run4"
"AA021-D0_S231",3,"four","FALSE","run4"
"AA022-D0_S243",3,"four","FALSE","run4"
"AA023-D0_S255",3,"four","FALSE","run4"
"AA024-D0_S267",3,"four","FALSE","run4"
"AA025-D0_S279",3,"four","FALSE","run4"
"AA026-D0_S196",3,"four","FALSE","run4"
"AA027-D0_S208",3,"four","FALSE","run4"
"AA028-D0_S232",3,"four","FALSE","run4"
"AA029-D0_S244",3,"four","FALSE","run4"
"AA030-D0_S256",3,"four","FALSE","run4"
"AA031-D0_S268",3,"four","FALSE","run4"
"AA032-D0_S280",3,"four","FALSE","run4"
"AA033-D0_S197",3,"four","FALSE","run4"
"AA034-D0_S209",3,"four","FALSE","run4"
"AA034-Unsch_S500",6,"four","FALSE","run4"
"AA036-D0_S221",3,"four","FALSE","run4"
"AA037-D0_S233",3,"four","FALSE","run4"
"AA038-D0_S257",3,"four","FALSE","run4"
"AA039-D0_S269",3,"four","FALSE","run4"
"AA040-D0_S281",3,"four","FALSE","run4"
"AA041-D0_S384",4,"four","FALSE","run4"
"AA042-D0_S466",5,"four","FALSE","run4"
"AA043-D0_S396",5,"four","FALSE","run4"
"AA044-D0_S234",3,"four","FALSE","run4"
"AA045-D0_S246",3,"four","FALSE","run4"
"AA046-D0_S258",3,"four","FALSE","run4"
"AA047-D0_S270",3,"four","FALSE","run4"
"AA048-D0_S282",3,"four","FALSE","run4"
"AA049-D0_S408",5,"four","FALSE","run4"
"AA051-D0_S420",5,"four","FALSE","run4"
"AA052-D0_S235",3,"four","FALSE","run4"
"AA053-D0_S247",3,"four","FALSE","run4"
"AA054-D0_S259",3,"four","FALSE","run4"
"AA056-D0_S283",3,"four","FALSE","run4"
"AA057-D0_S444",5,"four","FALSE","run4"
"AA058-D0_S456",5,"four","FALSE","run4"
"AA059-D0_S468",5,"four","FALSE","run4"
"AA060-D0_S236",3,"four","FALSE","run4"
"AA061-D0_S248",3,"four","FALSE","run4"
"AA062-D0_S260",3,"four","FALSE","run4"
"AA063-D0_S272",3,"four","FALSE","run4"
"AA064-D0_S284",3,"four","FALSE","run4"
"AA065-D0_S201",3,"four","FALSE","run4"
"AA066-D0_S213",3,"four","FALSE","run4"
"AA067-D0_S225",3,"four","FALSE","run4"
"AA068-D0_S237",3,"four","FALSE","run4"
"AA069-D0_S249",3,"four","FALSE","run4"
"AA070-D0_S261",3,"four","FALSE","run4"
"AA071-D0_S285",3,"four","FALSE","run4"
"AA073-D0_S202",3,"four","FALSE","run4"
"AA076-D0_S214",3,"four","FALSE","run4"
"AA077-D0_S226",3,"four","FALSE","run4"
"AA078-D0_S238",3,"four","FALSE","run4"
"AA080-D0_S250",3,"four","FALSE","run4"
"AA081-D0_S262",3,"four","FALSE","run4"
"AA081-D28_S569",6,"four","FALSE","run4"
"AA082-D0_S286",3,"four","FALSE","run4"
"AA083-D0_S203",3,"four","FALSE","run4"
"AA084-D0_S215",3,"four","FALSE","run4"
"AA085-D0_S227",3,"four","FALSE","run4"
"AA086-D0_S239",3,"four","FALSE","run4"
"AA088-D0_S251",3,"four","FALSE","run4"
"AA089-D0_S385",5,"four","FALSE","run4"
"AA090-D0_S263",3,"four","FALSE","run4"
"AA091-D0_S275",3,"four","FALSE","run4"
"AA092-D0_S287",3,"four","FALSE","run4"
"AA093-D0_S1",1,"four","FALSE","run4"
"AA094-D0_S13",1,"four","FALSE","run4"
"AA095-D0_S25",1,"four","FALSE","run4"
"AA096-D0_S37",1,"four","FALSE","run4"
"AA097-D0_S49",1,"four","FALSE","run4"
"AA098-D0_S61",1,"four","FALSE","run4"
"AA099-D0_S73",1,"four","FALSE","run4"
"AA100-D0_S85",1,"four","FALSE","run4"
"AC001-D0_S2",1,"four","FALSE","run4"
"AC002-D0_S14",1,"four","FALSE","run4"
"AC003-D0_S26",1,"four","FALSE","run4"
"AC004-D0_S38",1,"four","FALSE","run4"
"AC004-D28_S486",6,"four","FALSE","run4"
"AC005-D0_S50",1,"four","FALSE","run4"
"AC006-D0_S74",1,"four","FALSE","run4"
"AC007-D0_S86",1,"four","FALSE","run4"
"AC008-D0_S3",1,"four","FALSE","run4"
"AC009-D0_S15",1,"four","FALSE","run4"
"AC010-D0_S27",1,"four","FALSE","run4"
"AC011-D0_S39",1,"four","FALSE","run4"
"AC012-D0_S51",1,"four","FALSE","run4"
"AC013-D0_S63",1,"four","FALSE","run4"
"AC014-D0_S75",1,"four","FALSE","run4"
"AC015-D0_S87",1,"four","FALSE","run4"
"AC015-D28_S498",6,"four","FALSE","run4"
"AC016-D0_S16",1,"four","FALSE","run4"
"AC017-D0_S4",1,"four","FALSE","run4"
"AC018-D0_S40",1,"four","FALSE","run4"
"AC019-D0_S480",5,"four","FALSE","run4"
"AC020-D0_S562",6,"four","FALSE","run4"
"AC021-D0_S76",1,"four","FALSE","run4"
"AC022-D0_S88",1,"four","FALSE","run4"
"AC023-D0_S5",1,"four","FALSE","run4"
"AC024-D0_S17",1,"four","FALSE","run4"
"AC025-D0_S29",1,"four","FALSE","run4"
"AC027-D0_S491",6,"four","FALSE","run4"
"AC028-D0_S503",6,"four","FALSE","run4"
"AC028-D21_S565",6,"four","FALSE","run4"
"AC029-D0_S77",1,"four","FALSE","run4"
"AC032-D0_S89",1,"four","FALSE","run4"
"AC033-D0_S6",1,"four","FALSE","run4"
"AC033-D28_S510",6,"four","FALSE","run4"
"AC034-D0_S18",1,"four","FALSE","run4"
"AC036-D0_S30",1,"four","FALSE","run4"
"AC037-D0_S515",6,"four","FALSE","run4"
"AC038-D0_S528",6,"four","FALSE","run4"
"AC039-D0_S539",6,"four","FALSE","run4"
"AC040-D0_S78",1,"four","FALSE","run4"
"AC041-D0_S90",1,"four","FALSE","run4"
"AC043-D0_S7",1,"four","FALSE","run4"
"AC043-D21_S482",6,"four","FALSE","run4"
"AC044-D0_S31",1,"four","FALSE","run4"
"AC045-D0_S43",1,"four","FALSE","run4"
"AC048-D0_S55",1,"four","FALSE","run4"
"AC049-D0_S67",1,"four","FALSE","run4"
"AC050-D0_S79",1,"four","FALSE","run4"
"AC051-D0_S91",1,"four","FALSE","run4"
"AC052-D0_S8",1,"four","FALSE","run4"
"AC053-D0_S20",1,"four","FALSE","run4"
"AC054-D0_S32",1,"four","FALSE","run4"
"AC055-D0_S44",1,"four","FALSE","run4"
"AC056-D0_S56",1,"four","FALSE","run4"
"AC056-D21_S494",6,"four","FALSE","run4"
"AC057-D0_S68",1,"four","FALSE","run4"
"AC058-D0_S80",1,"four","FALSE","run4"
"AC059-D0_S92",1,"four","FALSE","run4"
"AC060-D0_S9",1,"four","FALSE","run4"
"AC061-D0_S21",1,"four","FALSE","run4"
"AC062-D0_S33",1,"four","FALSE","run4"
"AC063-D0_S45",1,"four","FALSE","run4"
"AC064-D0_S57",1,"four","FALSE","run4"
"AC065-D0_S69",1,"four","FALSE","run4"
"AC066-D0_S93",1,"four","FALSE","run4"
"AC067-D0_S10",1,"four","FALSE","run4"
"AC069-D0_S34",1,"four","FALSE","run4"
"AC069-D21_S506",6,"four","FALSE","run4"
"AC070-D0_S46",1,"four","FALSE","run4"
"AC071-D0_S58",1,"four","FALSE","run4"
"AC072-D0_S70",1,"four","FALSE","run4"
"AC073-D0_S94",1,"four","FALSE","run4"
"AC074-D0_S11",1,"four","FALSE","run4"
"AC075-D0_S23",1,"four","FALSE","run4"
"AC076-D0_S35",1,"four","FALSE","run4"
"AC077-D0_S47",1,"four","FALSE","run4"
"AC078-D0_S59",1,"four","FALSE","run4"
"AC079-D0_S71",1,"four","FALSE","run4"
"AC080-D0_S83",1,"four","FALSE","run4"
"AC081-D0_S95",1,"four","FALSE","run4"
"AC082-D0_S12",1,"four","FALSE","run4"
"AC083-D0_S24",1,"four","FALSE","run4"
"AC084-D0_S36",1,"four","FALSE","run4"
"AC084-D21_S518",6,"four","FALSE","run4"
"AC085-D0_S60",1,"four","FALSE","run4"
"AC086-D0_S72",1,"four","FALSE","run4"
"AC087-D0_S84",1,"four","FALSE","run4"
"AC088-D0_S169",2,"four","FALSE","run4"
"AC089-D0_S181",2,"four","FALSE","run4"
"AC090-D0_S98",2,"four","FALSE","run4"
"AC091-D0_S110",2,"four","FALSE","run4"
"AC091-D21_S530",6,"four","FALSE","run4"
"AC092-D0_S122",2,"four","FALSE","run4"
"AC093-D0_S134",2,"four","FALSE","run4"
"AC094-D0_S146",2,"four","FALSE","run4"
"AC095-D0_S170",2,"four","FALSE","run4"
"BA001-D0_S182",2,"four","FALSE","run4"
"BA002-D0_S99",2,"four","FALSE","run4"
"BA003-D0_S111",2,"four","FALSE","run4"
"BA004-D0_S123",2,"four","FALSE","run4"
"BA005-D0_S135",2,"four","FALSE","run4"
"BA006-D0_S147",2,"four","FALSE","run4"
"BA007-D0_S159",2,"four","FALSE","run4"
"BA008-D0_S171",2,"four","FALSE","run4"
"BA010-D0_S100",2,"four","FALSE","run4"
"BA011-D0_S112",2,"four","FALSE","run4"
"BA012-D0_S136",2,"four","FALSE","run4"
"BA013-D0_S148",2,"four","FALSE","run4"
"BA014-D0_S160",2,"four","FALSE","run4"
"BA015-D0_S172",2,"four","FALSE","run4"
"BA016-D0_S184",2,"four","FALSE","run4"
"BA017-D0_S101",2,"four","FALSE","run4"
"BA018-D0_S113",2,"four","FALSE","run4"
"BA018-D21_S554",6,"four","FALSE","run4"
"BA019-D0_S125",2,"four","FALSE","run4"
"BA020-D0_S137",2,"four","FALSE","run4"
"BA021-D0_S161",2,"four","FALSE","run4"
"BA022-D0_S173",2,"four","FALSE","run4"
"BA023-D0_S185",2,"four","FALSE","run4"
"BA024-D0_S102",2,"four","FALSE","run4"
"BA025-D0_S114",2,"four","FALSE","run4"
"BA026-D0_S126",2,"four","FALSE","run4"
"BA028-D0_S150",2,"four","FALSE","run4"
"BA029-D0_S162",2,"four","FALSE","run4"
"BA030-D0_S174",2,"four","FALSE","run4"
"BA031-D0_S186",2,"four","FALSE","run4"
"BA032-D0_S103",2,"four","FALSE","run4"
"BA033-D0_S127",2,"four","FALSE","run4"
"BA034-D0_S139",2,"four","FALSE","run4"
"BA035-D0_S151",2,"four","FALSE","run4"
"BA036-D0_S163",2,"four","FALSE","run4"
"BA037-D0_S175",2,"four","FALSE","run4"
"BA038-D0_S187",2,"four","FALSE","run4"
"BA039-D0_S104",2,"four","FALSE","run4"
"BA040-D0_S116",2,"four","FALSE","run4"
"BA041-D0_S128",2,"four","FALSE","run4"
"BA042-D0_S140",2,"four","FALSE","run4"
"BA043-D0_S152",2,"four","FALSE","run4"
"BA044-D0_S164",2,"four","FALSE","run4"
"BA045-D0_S176",2,"four","FALSE","run4"
"BA046-D0_S188",2,"four","FALSE","run4"
"BA047-D0_S105",2,"four","FALSE","run4"
"BA048-D0_S117",2,"four","FALSE","run4"
"BA050-D0_S141",2,"four","FALSE","run4"
"BA051-D0_S153",2,"four","FALSE","run4"
"BA052-D0_S165",2,"four","FALSE","run4"
"BA053-D0_S189",2,"four","FALSE","run4"
"BA054-D0_S106",2,"four","FALSE","run4"
"BA055-D0_S118",2,"four","FALSE","run4"
"BA056-D0_S130",2,"four","FALSE","run4"
"BA057-D0_S142",2,"four","FALSE","run4"
"BA058-D0_S154",2,"four","FALSE","run4"
"BA059-D0_S166",2,"four","FALSE","run4"
"BA060-D0_S190",2,"four","FALSE","run4"
"BA061-D0_S107",2,"four","FALSE","run4"
"BA062-D0_S119",2,"four","FALSE","run4"
"BA063-D0_S131",2,"four","FALSE","run4"
"BA064-D0_S143",2,"four","FALSE","run4"
"BA065-D0_S155",2,"four","FALSE","run4"
"BA066-D0_S167",2,"four","FALSE","run4"
"BA066-D28_S522",6,"four","FALSE","run4"
"BA067-D0_S179",2,"four","FALSE","run4"
"BA068-D0_S191",2,"four","FALSE","run4"
"BA068-D21_S566",6,"four","FALSE","run4"
"BA069-D0_S289",4,"four","FALSE","run4"
"BA070-D0_S301",4,"four","FALSE","run4"
"BA071-D0_S313",4,"four","FALSE","run4"
"BA072-D0_S325",4,"four","FALSE","run4"
"BA073-D0_S337",4,"four","FALSE","run4"
"BA074-D0_S349",4,"four","FALSE","run4"
"BA075-D0_S361",4,"four","FALSE","run4"
"BA076-D0_S373",4,"four","FALSE","run4"
"BA077-D0_S290",4,"four","FALSE","run4"
"BA078-D0_S350",4,"four","FALSE","run4"
"BA079-D0_S338",4,"four","FALSE","run4"
"BA080-D0_S314",4,"four","FALSE","run4"
"BA081-D0_S326",4,"four","FALSE","run4"
"BA082-D0_S362",4,"four","FALSE","run4"
"BA083-D0_S374",4,"four","FALSE","run4"
"BA084-D0_S291",4,"four","FALSE","run4"
"BA085-D0_S303",4,"four","FALSE","run4"
"BA086-D0_S315",4,"four","FALSE","run4"
"BA087-D0_S327",4,"four","FALSE","run4"
"BA088-D0_S339",4,"four","FALSE","run4"
"GM001-D0_S351",4,"four","FALSE","run4"
"GM002-D0_S363",4,"four","FALSE","run4"
"GM003-D0_S375",4,"four","FALSE","run4"
"GM004-D0_S292",4,"four","FALSE","run4"
"GM005-D0_S304",4,"four","FALSE","run4"
"GM006-D0_S328",4,"four","FALSE","run4"
"GM007-D0_S340",4,"four","FALSE","run4"
"GM008-D0_S352",4,"four","FALSE","run4"
"GM009-D0_S364",4,"four","FALSE","run4"
"GM010-D0_S376",4,"four","FALSE","run4"
"GM011-D0_S293",4,"four","FALSE","run4"
"GM011-D14_S481",6,"four","FALSE","run4"
"GM012-D0_S305",4,"four","FALSE","run4"
"GM013-D0_S317",4,"four","FALSE","run4"
"GM014-D0_S329",4,"four","FALSE","run4"
"GM015-D0_S353",4,"four","FALSE","run4"
"GM016-D0_S365",4,"four","FALSE","run4"
"GM017-D0_S377",4,"four","FALSE","run4"
"GM018-D0_S294",4,"four","FALSE","run4"
"GM019-D0_S306",4,"four","FALSE","run4"
"GM020-D0_S318",4,"four","FALSE","run4"
"GM021-D0_S330",4,"four","FALSE","run4"
"GM022-D0_S342",4,"four","FALSE","run4"
"GM023-D0_S354",4,"four","FALSE","run4"
"GM024-D0_S366",4,"four","FALSE","run4"
"GM025-D0_S378",4,"four","FALSE","run4"
"GM026-D0_S295",4,"four","FALSE","run4"
"GM027-D0_S319",4,"four","FALSE","run4"
"GM027-D21_S483",6,"four","FALSE","run4"
"GM028-D0_S331",4,"four","FALSE","run4"
"GM029-D0_S343",4,"four","FALSE","run4"
"GM030-D0_S355",4,"four","FALSE","run4"
"GM031-D0_S367",4,"four","FALSE","run4"
"GM032-D0_S379",4,"four","FALSE","run4"
"GM033-D0_S296",4,"four","FALSE","run4"
"GM034-D0_S308",4,"four","FALSE","run4"
"GM035-D0_S320",4,"four","FALSE","run4"
"GM036-D0_S332",4,"four","FALSE","run4"
"GM037-D0_S344",4,"four","FALSE","run4"
"GM038-D0_S356",4,"four","FALSE","run4"
"GM039-D0_S368",4,"four","FALSE","run4"
"GM040-D0_S380",4,"four","FALSE","run4"
"GM041-D0_S297",4,"four","FALSE","run4"
"GM042-D0_S309",4,"four","FALSE","run4"
"GM043-D0_S321",4,"four","FALSE","run4"
"GM044-D0_S333",4,"four","FALSE","run4"
"GM045-D0_S345",4,"four","FALSE","run4"
"GM045-D21_S495",6,"four","FALSE","run4"
"GM046-D0_S357",4,"four","FALSE","run4"
"GM046-D28_S534",6,"four","FALSE","run4"
"GM047-D0_S381",4,"four","FALSE","run4"
"GM048-D0_S298",4,"four","FALSE","run4"
"GM049-D0_S310",4,"four","FALSE","run4"
"GM050-D0_S322",4,"four","FALSE","run4"
"GM051-D0_S334",4,"four","FALSE","run4"
"GM052-D0_S551",6,"four","FALSE","run4"
"GM053-D0_S563",6,"four","FALSE","run4"
"GM054-D0_S575",6,"four","FALSE","run4"
"GM055-D0_S492",6,"four","FALSE","run4"
"GM056-D0_S311",4,"four","FALSE","run4"
"GM057-D0_S323",4,"four","FALSE","run4"
"GM058-D0_S335",4,"four","FALSE","run4"
"GM059-D0_S347",4,"four","FALSE","run4"
"GM060-D0_S504",6,"four","FALSE","run4"
"GM061-D0_S516",6,"four","FALSE","run4"
"GM062-D0_S540",6,"four","FALSE","run4"
"GM063-D0_S397",5,"four","FALSE","run4"
"GM063-D21_S519",6,"four","FALSE","run4"
"GM064-D0_S409",5,"four","FALSE","run4"
"GM065-D0_S421",5,"four","FALSE","run4"
"GM066-D0_S433",5,"four","FALSE","run4"
"GM067-D0_S445",5,"four","FALSE","run4"
"GM068-D0_S457",5,"four","FALSE","run4"
"GM069-D0_S469",5,"four","FALSE","run4"
"GM070-D0_S386",5,"four","FALSE","run4"
"GM070-D28_S546",6,"four","FALSE","run4"
"GM071-D0_S398",5,"four","FALSE","run4"
"GM072-D0_S410",5,"four","FALSE","run4"
"GM073-D0_S422",5,"four","FALSE","run4"
"GM074-D0_S434",5,"four","FALSE","run4"
"GM075-D0_S458",5,"four","FALSE","run4"
"GM076-D0_S470",5,"four","FALSE","run4"
"GM076-D21_S531",6,"four","FALSE","run4"
"GM077-D0_S387",5,"four","FALSE","run4"
"GM078-D0_S399",5,"four","FALSE","run4"
"GM079-D0_S411",5,"four","FALSE","run4"
"GM080-D0_S423",5,"four","FALSE","run4"
"GM081-D0_S435",5,"four","FALSE","run4"
"GM082-D0_S447",5,"four","FALSE","run4"
"GM082-D21_S370",4,"four","FALSE","run4"
"GM083-D0_S459",5,"four","FALSE","run4"
"GM084-D0_S471",5,"four","FALSE","run4"
"GM085-D0_S388",5,"four","FALSE","run4"
"GM086-D0_S400",5,"four","FALSE","run4"
"GM087-D0_S424",5,"four","FALSE","run4"
"GM088-D0_S436",5,"four","FALSE","run4"
"GM089-D0_S448",5,"four","FALSE","run4"
"MM001-D0_S460",5,"four","FALSE","run4"
"MM002-D0_S472",5,"four","FALSE","run4"
"MM004-D0_S401",5,"four","FALSE","run4"
"MM005-D0_S413",5,"four","FALSE","run4"
"MM006-D0_S425",5,"four","FALSE","run4"
"MM007-D0_S449",5,"four","FALSE","run4"
"MM007-D21_S555",6,"four","FALSE","run4"
"MM008-D0_S461",5,"four","FALSE","run4"
"MM008-D21_S567",6,"four","FALSE","run4"
"MM009-D0_S473",5,"four","FALSE","run4"
"MM010-D0_S390",5,"four","FALSE","run4"
"MM011-D0_S402",5,"four","FALSE","run4"
"MM013-D0_S426",5,"four","FALSE","run4"
"MM013-D21_S496",6,"four","FALSE","run4"
"MM014-D0_S438",5,"four","FALSE","run4"
"MM015-D0_S450",5,"four","FALSE","run4"
"MM016-D0_S462",5,"four","FALSE","run4"
"MM018-D0_S391",5,"four","FALSE","run4"
"MM019-D0_S415",5,"four","FALSE","run4"
"MM020-D0_S427",5,"four","FALSE","run4"
"MM021-D0_S439",5,"four","FALSE","run4"
"MM022-D0_S451",5,"four","FALSE","run4"
"MM023-D0_S463",5,"four","FALSE","run4"
"MM024-D0_S475",5,"four","FALSE","run4"
"MM024-D28_S487",6,"four","FALSE","run4"
"MM025-D0_S392",5,"four","FALSE","run4"
"MM026-D0_S404",5,"four","FALSE","run4"
"MM027-D0_S416",5,"four","FALSE","run4"
"MM028-D0_S428",5,"four","FALSE","run4"
"MM029-D0_S440",5,"four","FALSE","run4"
"MM030-D0_S452",5,"four","FALSE","run4"
"MM030-D28_S511",6,"four","FALSE","run4"
"MM031-D0_S464",5,"four","FALSE","run4"
"MM032-D0_S476",5,"four","FALSE","run4"
"MM033-D0_S393",5,"four","FALSE","run4"
"MM033-D21_S532",6,"four","FALSE","run4"
"MM034-D0_S405",5,"four","FALSE","run4"
"MM035-D0_S417",5,"four","FALSE","run4"
"MM036-D0_S429",5,"four","FALSE","run4"
"MM037-D0_S441",5,"four","FALSE","run4"
"MM037-D21_S489",6,"four","FALSE","run4"
"MM039-D0_S477",5,"four","FALSE","run4"
"MM040-D0_S394",5,"four","FALSE","run4"
"MM041-D0_S406",5,"four","FALSE","run4"
"MM042-D0_S418",5,"four","FALSE","run4"
"MM043-D0_S430",5,"four","FALSE","run4"
"MM044-D0_S442",5,"four","FALSE","run4"
"MM044-D21_S544",6,"four","FALSE","run4"
"MM045-D0_S454",5,"four","FALSE","run4"
"MM045-D28_S523",6,"four","FALSE","run4"
"MM046-D0_S478",5,"four","FALSE","run4"
"MM047-D0_S395",5,"four","FALSE","run4"
"MM047-D21_S556",6,"four","FALSE","run4"
"MM048-D0_S407",5,"four","FALSE","run4"
"MM048-D21_S501",6,"four","FALSE","run4"
"MM049-D0_S419",5,"four","FALSE","run4"
"MM049-D21_S568",6,"four","FALSE","run4"
"MM050-D0_S431",5,"four","FALSE","run4"
"MM051-D0_S443",5,"four","FALSE","run4"
"MM052-D0_S455",5,"four","FALSE","run4"
"MM053-D0_S467",5,"four","FALSE","run4"
"MM053-D28_S535",6,"four","FALSE","run4"
"MM054-D0_S479",5,"four","FALSE","run4"
"MM055-D21_S485",6,"four","FALSE","run4"
"MM057-D21_S497",6,"four","FALSE","run4"
"MM059-D21_S509",6,"four","FALSE","run4"
"MM060-D28_S538",6,"four","FALSE","run4"
"MM061-D0_S274",3,"four","FALSE","run4"
"MM061-D28_S547",6,"four","FALSE","run4"
"MM062-D0_S204",3,"four","FALSE","run4"
"MM063-D0_S216",3,"four","FALSE","run4"
"MM064-D0_S228",3,"four","FALSE","run4"
"MM064-D28_S559",6,"four","FALSE","run4"
"MM065-D0_S252",3,"four","FALSE","run4"
"MM066-D0_S264",3,"four","FALSE","run4"
"MM066-D28_S571",6,"four","FALSE","run4"
"MM067-D0_S276",3,"four","FALSE","run4"
"MM068-D0_S288",3,"four","FALSE","run4"
"MM069-D0_S178",2,"four","FALSE","run4"
"MM070-D0_S97",2,"four","FALSE","run4"
"MM071-D0_S109",2,"four","FALSE","run4"
"MM071-D14_S529",6,"four","FALSE","run4"
"MM072-D0_S121",2,"four","FALSE","run4"
"MM073-D0_S133",2,"four","FALSE","run4"
"MM073-D21_S521",6,"four","FALSE","run4"
"MM074-D0_S145",2,"four","FALSE","run4"
"MM075-D0_S157",2,"four","FALSE","run4"
"MM076-D0_S108",2,"four","FALSE","run4"
"MM077-D0_S120",2,"four","FALSE","run4"
"MM077-D21_S545",6,"four","FALSE","run4"
"MM078-D0_S132",2,"four","FALSE","run4"
"MM079-D0_S156",2,"four","FALSE","run4"
"MM080-D0_S168",2,"four","FALSE","run4"
"MM081-D0_S180",2,"four","FALSE","run4"
"MM082-D0_S192",2,"four","FALSE","run4"
"MM082-Unsch_S524",6,"four","FALSE","run4"
"MM083-D0_S300",4,"four","FALSE","run4"
"MM084-D0_S312",4,"four","FALSE","run4"
"MM085-D0_S324",4,"four","FALSE","run4"
"MM085-D14_S541",6,"four","FALSE","run4"
"MM086-D0_S348",4,"four","FALSE","run4"
"MM086-D21_S557",6,"four","FALSE","run4"
"MM087-D0_S360",4,"four","FALSE","run4"
"MM088-D0_S372",4,"four","FALSE","run4"
