"SampleID","Run","Gene","FoldChangeGene"
"3D7-1_S82","run5","HRP2",0.983418605509013
"3D7-1_S82","run5","HRP3",0.884258468023797
"3D7-1_S82","run5","MDR1",0.847658689322363
"3D7-1_S82","run5","PM",0.794862449177923
"3D7-2_S33","run5","HRP2",1.0527844544155
"3D7-2_S33","run5","HRP3",1.04416845351226
"3D7-2_S33","run5","MDR1",0.965497421912621
"3D7-2_S33","run5","PM",1.06339853015276
"3D7-3_S20","run5","HRP2",1.04607466825396
"3D7-3_S20","run5","HRP3",1.07646866616096
"3D7-3_S20","run5","MDR1",1.27699974801116
"3D7-3_S20","run5","PM",1.21689894983136
"3D7-4_S116","run5","HRP2",1.04251448358699
"3D7-4_S116","run5","HRP3",1.0317788082664
"3D7-4_S116","run5","MDR1",1.08420534131701
"3D7-4_S116","run5","PM",1.07908550839352
"AA042-D0_S24","run5","HRP2",0.658300307805953
"AA042-D0_S24","run5","HRP3",0.880358358222317
"AA042-D0_S24","run5","MDR1",1.0148617687999
"AA042-D0_S24","run5","PM",0.76867994896594
"AC022-D21_S78","run5","HRP2",0.85751430535737
"AC022-D21_S78","run5","HRP3",0.767639993372638
"AC022-D21_S78","run5","MDR1",0.951329481552103
"AC022-D21_S78","run5","PM",0.620259017040442
"AC051-D0_S144","run5","HRP2",5.27819868075224e-17
"AC051-D0_S144","run5","HRP3",6.06995384262621e-17
"AC051-D0_S144","run5","MDR1",1.1499231982101
"AC051-D0_S144","run5","PM",1.00937247050073
"AC090-D0_S24","run5","HRP2",0.629173412384784
"AC090-D0_S24","run5","HRP3",0.882141443216857
"AC090-D0_S24","run5","MDR1",0.728119449009015
"AC090-D0_S24","run5","PM",0.831266677755128
"BA058-D0_S36","run5","HRP2",0.892697983137875
"BA058-D0_S36","run5","HRP3",0.923824013414803
"BA058-D0_S36","run5","MDR1",0.821330735691447
"BA058-D0_S36","run5","PM",0.806650657160851
"BA060-D0_S72","run5","HRP2",0.751540344739866
"BA060-D0_S72","run5","HRP3",0.921667745779215
"BA060-D0_S72","run5","MDR1",0.512075797621786
"BA060-D0_S72","run5","PM",0.587873914525819
"BA069-D0_S36","run5","HRP2",1.10427617108979
"BA069-D0_S36","run5","HRP3",1.03490797152067
"BA069-D0_S36","run5","MDR1",1.10664015800229
"BA069-D0_S36","run5","PM",1.02592321483321
"GM010-D0_S70","run5","HRP2",3.08272063207155e-17
"GM010-D0_S70","run5","HRP3",4.07651874654949e-17
"GM010-D0_S70","run5","MDR1",1.3006162746685
"GM010-D0_S70","run5","PM",0.99175542604841
"GM055-D0_S106","run5","HRP2",0.857370685421435
"GM055-D0_S106","run5","HRP3",8.23099579088103e-17
"GM055-D0_S106","run5","MDR1",1.08038833809871
"GM055-D0_S106","run5","PM",0.704721690429957
"GM056-D0_S25","run5","HRP2",0.896875832649008
"GM056-D0_S25","run5","HRP3",5.87503567442517e-18
"GM056-D0_S25","run5","MDR1",1.02293222563045
"GM056-D0_S25","run5","PM",0.968699917874492
"MM013-D0_S98","run5","HRP2",3.24574892822244e-18
"MM013-D0_S98","run5","HRP3",0.775530664888441
"MM013-D0_S98","run5","MDR1",1.02881580249063
"MM013-D0_S98","run5","PM",0.866870149908781
"MM048-D21_S27","run5","HRP2",1.62058164516377e-16
"MM048-D21_S27","run5","HRP3",1.03435173259086
"MM048-D21_S27","run5","MDR1",1.04457627007415
"MM048-D21_S27","run5","PM",0.504498117067443
"MM055-D0_S1","run5","HRP2",0.739996760357451
"MM055-D0_S1","run5","HRP3",0.904406375996971
"MM055-D0_S1","run5","MDR1",0.948833900039729
"MM055-D0_S1","run5","PM",0.691115170756377
"MM056-D0_S13","run5","HRP2",0.350628245668346
"MM056-D0_S13","run5","HRP3",0.592841599307084
"MM056-D0_S13","run5","MDR1",0.586536326364189
"MM056-D0_S13","run5","PM",0.392494070935722
"MM058-D0_S37","run5","HRP2",0.520803452203948
"MM058-D0_S37","run5","HRP3",0.412222308118023
"MM058-D0_S37","run5","MDR1",0.794808815522863
"MM058-D0_S37","run5","PM",0.246076836721123
"MM059-D0_S49","run5","HRP2",0.793182053257615
"MM059-D0_S49","run5","HRP3",0.996002956100975
"MM059-D0_S49","run5","MDR1",0.935873887966728
"MM059-D0_S49","run5","PM",0.799707183312164
"MM060-D0_S61","run5","HRP2",0.816415636831572
"MM060-D0_S61","run5","HRP3",1.12871427930358
"MM060-D0_S61","run5","MDR1",1.13089797820108
"MM060-D0_S61","run5","PM",0.957782607375485
"MM069-D0_S60","run5","HRP2",1.0835799807871
"MM069-D0_S60","run5","HRP3",1.09549125712808
"MM069-D0_S60","run5","MDR1",1.03393124540655
"MM069-D0_S60","run5","PM",1.00090710635249
"MM071-D14_S134","run5","HRP2",0.864319688770138
"MM071-D14_S134","run5","HRP3",0.869377385990123
"MM071-D14_S134","run5","MDR1",1.01230030740279
"MM071-D14_S134","run5","PM",0.989694378586123
"MM076-D0_S84","run5","HRP2",2.16844259783993e-18
"MM076-D0_S84","run5","HRP3",2.48183789939909e-18
"MM076-D0_S84","run5","MDR1",0.895444319715172
"MM076-D0_S84","run5","PM",0.788180799555405
"MM077-D0_S95","run5","HRP2",2.78953944100404e-15
"MM077-D0_S95","run5","HRP3",1.04887353046144
"MM077-D0_S95","run5","MDR1",1.03822877198999
"MM077-D0_S95","run5","PM",0.833421049545236
"MM083-D0_S37","run5","HRP2",1.16703036634132
"MM083-D0_S37","run5","HRP3",1.14819724437443
"MM083-D0_S37","run5","MDR1",1.13029195427236
"MM083-D0_S37","run5","PM",1.21600573197909
