"SampleID","HRP_stat"
"3D7-1","no_deletion"
"3D7-2","no_deletion"
"3D7-3","no_deletion"
"3D7-4","no_deletion"
"AA042-D0","no_deletion"
"AC022-D21","no_deletion"
"AC051-D0","HRP2/3_deleted"
"AC090-D0","no_deletion"
"BA058-D0","no_deletion"
"BA060-D0","no_deletion"
"BA069-D0","no_deletion"
"GM010-D0","HRP2/3_deleted"
"GM055-D0","HRP3_only_deleted"
"GM056-D0","HRP3_only_deleted"
"MM013-D0","HRP2_only_deleted"
"MM048-D21","HRP2_only_deleted"
"MM055-D0","no_deletion"
"MM056-D0","no_deletion"
"MM058-D0","no_deletion"
"MM059-D0","no_deletion"
"MM060-D0","no_deletion"
"MM069-D0","no_deletion"
"MM071-D14","no_deletion"
"MM076-D0","HRP2/3_deleted"
"MM077-D0","HRP2_only_deleted"
"MM083-D0","no_deletion"
