target	v4
readDIR	../TES_fastq/run9/
outDIR	./TES_run9_output
sequencer	nextseq
QC_only	false
cutadapt_minlen	100
refseq_fasta	null
masked_fasta	null
genome	v1
parallel	true
denoised_asvs	null
allowed_errors	0
alignment_threshold	60
mask_tandem_repeats	true
trf_min_score	25
trf_max_period	3
mask_homopolymers	true
homopolymer_threshold	5
pool	pseudo
band_size	16
omega_a	1E-120
maxEE	3
just_concatenate	true
custom_config_base	conf
max_memory	350.GB
max_cpus	45
max_time	24000.h
genomes	[v1:[fasta:/home/yisihak/madhatter_lshtm_server_clone/data/reference/v1/PkPfPmPoPv.fasta]]
reads	../TES_fastq/run9//*_R{1,2}*.fastq.gz
amplicon_info	/home/yisihak/madhatter_lshtm_server_clone/resources/v4/v4_amplicon_info.tsv
resmarkers_amplicon	/home/yisihak/madhatter_lshtm_server_clone/resources/v4/resistance_markers_amplicon_v4.txt
help	false
target	v4
readDIR	../TES_fastq/run9/
outDIR	./TES_run9_output
sequencer	nextseq
QC_only	false
cutadapt_minlen	100
refseq_fasta	null
masked_fasta	null
genome	v1
parallel	true
denoised_asvs	null
allowed_errors	0
alignment_threshold	60
mask_tandem_repeats	true
trf_min_score	25
trf_max_period	3
mask_homopolymers	true
homopolymer_threshold	5
pool	pseudo
band_size	16
omega_a	1E-120
maxEE	3
just_concatenate	true
custom_config_base	conf
max_memory	350.GB
max_cpus	45
max_time	24000.h
genomes	[v1:[fasta:/home/yisihak/madhatter_lshtm_server_clone/data/reference/v1/PkPfPmPoPv.fasta]]
reads	../TES_fastq/run9//*_R{1,2}*.fastq.gz
amplicon_info	/home/yisihak/madhatter_lshtm_server_clone/resources/v4/v4_amplicon_info.tsv
resmarkers_amplicon	/home/yisihak/madhatter_lshtm_server_clone/resources/v4/resistance_markers_amplicon_v4.txt
help	false
target	v4
readDIR	../TES_fastq/run9/
outDIR	./TES_run9_output
sequencer	nextseq
QC_only	false
cutadapt_minlen	100
refseq_fasta	null
masked_fasta	null
genome	v1
parallel	true
denoised_asvs	null
allowed_errors	0
alignment_threshold	60
mask_tandem_repeats	true
trf_min_score	25
trf_max_period	3
mask_homopolymers	true
homopolymer_threshold	5
pool	pseudo
band_size	16
omega_a	1E-120
maxEE	3
just_concatenate	true
custom_config_base	conf
max_memory	350.GB
max_cpus	45
max_time	24000.h
genomes	[v1:[fasta:/home/yisihak/madhatter_lshtm_server_clone/data/reference/v1/PkPfPmPoPv.fasta]]
reads	../TES_fastq/run9//*_R{1,2}*.fastq.gz
amplicon_info	/home/yisihak/madhatter_lshtm_server_clone/resources/v4/v4_amplicon_info.tsv
resmarkers_amplicon	/home/yisihak/madhatter_lshtm_server_clone/resources/v4/resistance_markers_amplicon_v4.txt
help	false
target	v4
readDIR	../TES_fastq/run9/
outDIR	./TES_run9_output
sequencer	nextseq
QC_only	false
cutadapt_minlen	100
refseq_fasta	null
masked_fasta	null
genome	v1
parallel	true
denoised_asvs	null
allowed_errors	0
alignment_threshold	60
mask_tandem_repeats	true
trf_min_score	25
trf_max_period	3
mask_homopolymers	true
homopolymer_threshold	5
pool	pseudo
band_size	16
omega_a	1E-120
maxEE	3
just_concatenate	true
custom_config_base	conf
max_memory	350.GB
max_cpus	45
max_time	24000.h
genomes	[v1:[fasta:/home/yisihak/madhatter_lshtm_server_clone/data/reference/v1/PkPfPmPoPv.fasta]]
reads	../TES_fastq/run9//*_R{1,2}*.fastq.gz
amplicon_info	/home/yisihak/madhatter_lshtm_server_clone/resources/v4/v4_amplicon_info.tsv
resmarkers_amplicon	/home/yisihak/madhatter_lshtm_server_clone/resources/v4/resistance_markers_amplicon_v4.txt
help	false
