"SampleID","HRP_stat","Site","Day"
"AA059-D0","HRP3_only_deleted","Asayita","D0"
"GM055-D0","HRP2_only_deleted","Gondar","D0"
"MM084-D0","no_deletion","Mizan","D0"
"AC022-D0","no_deletion","Abobo","D0"
"AC023-D0","no_deletion","Abobo","D0"
"AC032-D0","no_deletion","Abobo","D0"
"AC041-D0","no_deletion","Abobo","D0"
"AC080-D0","no_deletion","Abobo","D0"
"AC083-D0","no_deletion","Abobo","D0"
"AC090-D0","no_deletion","Abobo","D0"
"BA025-D0","no_deletion","Assosa","D0"
"BA056-D0","no_deletion","Assosa","D0"
"BA058-D0","no_deletion","Assosa","D0"
"BA060-D0","no_deletion","Assosa","D0"
"BA069-D0","no_deletion","Assosa","D0"
"GM010-D0","HRP2/3_deleted","Gondar","D0"
"GM012-D0","HRP2/3_deleted","Gondar","D0"
"GM015-D0","HRP2/3_deleted","Gondar","D0"
"GM045-D21","HRP2/3_deleted","Gondar","D21"
"GM056-D0","HRP3_only_deleted","Gondar","D0"
"GM060-D0","HRP2/3_deleted","Gondar","D0"
"MM024-D28","HRP2_only_deleted","Mizan","D28"
"MM048-D21","HRP2_only_deleted","Mizan","D21"
"MM051-D0","HRP2/3_deleted","Mizan","D0"
"MM057-D0","no_deletion","Mizan","D0"
"MM058-D0","no_deletion","Mizan","D0"
"MM059-D0","no_deletion","Mizan","D0"
"MM060-D0","no_deletion","Mizan","D0"
"MM070-D0","no_deletion","Mizan","D0"
"MM071-D14","no_deletion","Mizan","D14"
"MM076-D0","HRP2/3_deleted","Mizan","D0"
"MM077-D0","HRP2_only_deleted","Mizan","D0"
"MM083-D0","no_deletion","Mizan","D0"
"AA001-D0","HRP3_only_deleted","Asayita","D0"
"AA003-D0","no_deletion","Asayita","D0"
"AA004-D0","no_deletion","Asayita","D0"
"AA005-D0","no_deletion","Asayita","D0"
"AA006-D0","HRP3_only_deleted","Asayita","D0"
"AA007-D0","HRP3_only_deleted","Asayita","D0"
"AA008-D0","no_deletion","Asayita","D0"
"AA009-D0","HRP3_only_deleted","Asayita","D0"
"AA010-D0","no_deletion","Asayita","D0"
"AA011-D0","HRP2/3_deleted","Asayita","D0"
"AA012-D0","no_deletion","Asayita","D0"
"AA013-D0","HRP3_only_deleted","Asayita","D0"
"AA014-D0","no_deletion","Asayita","D0"
"AA015-D0","HRP3_only_deleted","Asayita","D0"
"AA016-D0","no_deletion","Asayita","D0"
"AA018-D0","no_deletion","Asayita","D0"
"AA019-D0","no_deletion","Asayita","D0"
"AA020-D0","no_deletion","Asayita","D0"
"AA021-D0","HRP3_only_deleted","Asayita","D0"
"AA022-D0","no_deletion","Asayita","D0"
"AA023-D0","no_deletion","Asayita","D0"
"AA024-D0","HRP3_only_deleted","Asayita","D0"
"AA025-D0","no_deletion","Asayita","D0"
"AA026-D0","no_deletion","Asayita","D0"
"AA027-D0","no_deletion","Asayita","D0"
"AA028-D0","no_deletion","Asayita","D0"
"AA029-D0","no_deletion","Asayita","D0"
"AA030-D0","no_deletion","Asayita","D0"
"AA031-D0","no_deletion","Asayita","D0"
"AA032-D0","HRP3_only_deleted","Asayita","D0"
"AA033-D0","no_deletion","Asayita","D0"
"AA034-D0","HRP3_only_deleted","Asayita","D0"
"AA034-Unsch","HRP2_only_deleted","Asayita","Unsch"
"AA036-D0","no_deletion","Asayita","D0"
"AA037-D0","HRP2/3_deleted","Asayita","D0"
"AA038-D0","HRP3_only_deleted","Asayita","D0"
"AA039-D0","HRP3_only_deleted","Asayita","D0"
"AA040-D0","HRP3_only_deleted","Asayita","D0"
"AA042-D0","no_deletion","Asayita","D0"
"AA044-D0","no_deletion","Asayita","D0"
"AA045-D0","no_deletion","Asayita","D0"
"AA046-D0","no_deletion","Asayita","D0"
"AA047-D0","HRP3_only_deleted","Asayita","D0"
"AA048-D0","HRP3_only_deleted","Asayita","D0"
"AA051-D0","HRP2/3_deleted","Asayita","D0"
"AA052-D0","no_deletion","Asayita","D0"
"AA053-D0","no_deletion","Asayita","D0"
"AA054-D0","no_deletion","Asayita","D0"
"AA056-D0","HRP3_only_deleted","Asayita","D0"
"AA057-D0","HRP3_only_deleted","Asayita","D0"
"AA058-D0","HRP3_only_deleted","Asayita","D0"
"AA060-D0","HRP2/3_deleted","Asayita","D0"
"AA061-D0","HRP3_only_deleted","Asayita","D0"
"AA062-D0","no_deletion","Asayita","D0"
"AA063-D0","HRP2_only_deleted","Asayita","D0"
"AA064-D0","no_deletion","Asayita","D0"
"AA065-D0","HRP2/3_deleted","Asayita","D0"
"AA066-D0","HRP3_only_deleted","Asayita","D0"
"AA067-D0","no_deletion","Asayita","D0"
"AA068-D0","HRP2/3_deleted","Asayita","D0"
"AA069-D0","HRP2/3_deleted","Asayita","D0"
"AA070-D0","no_deletion","Asayita","D0"
"AA071-D0","HRP3_only_deleted","Asayita","D0"
"AA073-D0","HRP3_only_deleted","Asayita","D0"
"AA076-D0","no_deletion","Asayita","D0"
"AA077-D0","no_deletion","Asayita","D0"
"AA078-D0","no_deletion","Asayita","D0"
"AA080-D0","no_deletion","Asayita","D0"
"AA081-D0","no_deletion","Asayita","D0"
"AA081-D28","HRP3_only_deleted","Asayita","D28"
"AA082-D0","HRP3_only_deleted","Asayita","D0"
"AA083-D0","HRP3_only_deleted","Asayita","D0"
"AA084-D0","no_deletion","Asayita","D0"
"AA085-D0","no_deletion","Asayita","D0"
"AA086-D0","no_deletion","Asayita","D0"
"AA088-D0","HRP2/3_deleted","Asayita","D0"
"AA089-D0","no_deletion","Asayita","D0"
"AA090-D0","no_deletion","Asayita","D0"
"AA091-D0","HRP3_only_deleted","Asayita","D0"
"AA092-D0","no_deletion","Asayita","D0"
"AA094-D0","no_deletion","Asayita","D0"
"AA095-D0","HRP2/3_deleted","Asayita","D0"
"AA096-D0","no_deletion","Asayita","D0"
"AA097-D0","HRP2/3_deleted","Asayita","D0"
"AA098-D0","no_deletion","Asayita","D0"
"AA100-D0","no_deletion","Asayita","D0"
"AC002-D0","no_deletion","Abobo","D0"
"AC003-D0","no_deletion","Abobo","D0"
"AC004-D0","no_deletion","Abobo","D0"
"AC004-D28","no_deletion","Abobo","D28"
"AC005-D0","no_deletion","Abobo","D0"
"AC006-D0","HRP2_only_deleted","Abobo","D0"
"AC007-D0","no_deletion","Abobo","D0"
"AC008-D0","no_deletion","Abobo","D0"
"AC009-D0","no_deletion","Abobo","D0"
"AC010-D0","no_deletion","Abobo","D0"
"AC011-D0","no_deletion","Abobo","D0"
"AC012-D0","no_deletion","Abobo","D0"
"AC014-D0","HRP2/3_deleted","Abobo","D0"
"AC015-D0","no_deletion","Abobo","D0"
"AC015-D28","no_deletion","Abobo","D28"
"AC016-D0","no_deletion","Abobo","D0"
"AC017-D0","no_deletion","Abobo","D0"
"AC018-D0","HRP3_only_deleted","Abobo","D0"
"AC019-D0","no_deletion","Abobo","D0"
"AC020-D0","no_deletion","Abobo","D0"
"AC021-D0","no_deletion","Abobo","D0"
"AC024-D0","no_deletion","Abobo","D0"
"AC025-D0","no_deletion","Abobo","D0"
"AC027-D0","no_deletion","Abobo","D0"
"AC028-D21","no_deletion","Abobo","D21"
"AC029-D0","no_deletion","Abobo","D0"
"AC033-D0","no_deletion","Abobo","D0"
"AC033-D28","no_deletion","Abobo","D28"
"AC034-D0","no_deletion","Abobo","D0"
"AC036-D0","no_deletion","Abobo","D0"
"AC037-D0","no_deletion","Abobo","D0"
"AC038-D0","no_deletion","Abobo","D0"
"AC039-D0","no_deletion","Abobo","D0"
"AC040-D0","no_deletion","Abobo","D0"
"AC043-D0","HRP2_only_deleted","Abobo","D0"
"AC043-D21","HRP2_only_deleted","Abobo","D21"
"AC044-D0","no_deletion","Abobo","D0"
"AC045-D0","no_deletion","Abobo","D0"
"AC048-D0","no_deletion","Abobo","D0"
"AC049-D0","HRP2_only_deleted","Abobo","D0"
"AC052-D0","no_deletion","Abobo","D0"
"AC053-D0","no_deletion","Abobo","D0"
"AC054-D0","no_deletion","Abobo","D0"
"AC055-D0","no_deletion","Abobo","D0"
"AC056-D0","no_deletion","Abobo","D0"
"AC058-D0","HRP2/3_deleted","Abobo","D0"
"AC060-D0","no_deletion","Abobo","D0"
"AC061-D0","no_deletion","Abobo","D0"
"AC062-D0","HRP2/3_deleted","Abobo","D0"
"AC063-D0","no_deletion","Abobo","D0"
"AC064-D0","no_deletion","Abobo","D0"
"AC065-D0","no_deletion","Abobo","D0"
"AC066-D0","no_deletion","Abobo","D0"
"AC067-D0","HRP2_only_deleted","Abobo","D0"
"AC069-D0","no_deletion","Abobo","D0"
"AC069-D21","no_deletion","Abobo","D21"
"AC070-D0","no_deletion","Abobo","D0"
"AC071-D0","no_deletion","Abobo","D0"
"AC072-D0","HRP2_only_deleted","Abobo","D0"
"AC073-D0","no_deletion","Abobo","D0"
"AC074-D0","no_deletion","Abobo","D0"
"AC075-D0","no_deletion","Abobo","D0"
"AC076-D0","no_deletion","Abobo","D0"
"AC077-D0","no_deletion","Abobo","D0"
"AC078-D0","no_deletion","Abobo","D0"
"AC079-D0","no_deletion","Abobo","D0"
"AC081-D0","no_deletion","Abobo","D0"
"AC082-D0","no_deletion","Abobo","D0"
"AC084-D0","HRP2_only_deleted","Abobo","D0"
"AC084-D21","HRP2_only_deleted","Abobo","D21"
"AC085-D0","no_deletion","Abobo","D0"
"AC086-D0","no_deletion","Abobo","D0"
"AC087-D0","no_deletion","Abobo","D0"
"AC088-D0","no_deletion","Abobo","D0"
"AC089-D0","no_deletion","Abobo","D0"
"AC091-D0","no_deletion","Abobo","D0"
"AC091-D21","no_deletion","Abobo","D21"
"AC092-D0","no_deletion","Abobo","D0"
"AC093-D0","no_deletion","Abobo","D0"
"AC094-D0","HRP2_only_deleted","Abobo","D0"
"AC095-D0","no_deletion","Abobo","D0"
"BA001-D0","no_deletion","Assosa","D0"
"BA002-D0","no_deletion","Assosa","D0"
"BA003-D0","no_deletion","Assosa","D0"
"BA004-D0","HRP2_only_deleted","Assosa","D0"
"BA005-D0","no_deletion","Assosa","D0"
"BA006-D0","no_deletion","Assosa","D0"
"BA007-D0","no_deletion","Assosa","D0"
"BA008-D0","no_deletion","Assosa","D0"
"BA010-D0","HRP3_only_deleted","Assosa","D0"
"BA011-D0","no_deletion","Assosa","D0"
"BA012-D0","no_deletion","Assosa","D0"
"BA013-D0","no_deletion","Assosa","D0"
"BA014-D0","no_deletion","Assosa","D0"
"BA015-D0","no_deletion","Assosa","D0"
"BA016-D0","no_deletion","Assosa","D0"
"BA017-D0","no_deletion","Assosa","D0"
"BA018-D0","no_deletion","Assosa","D0"
"BA018-D21","no_deletion","Assosa","D21"
"BA019-D0","no_deletion","Assosa","D0"
"BA020-D0","no_deletion","Assosa","D0"
"BA021-D0","no_deletion","Assosa","D0"
"BA022-D0","no_deletion","Assosa","D0"
"BA023-D0","no_deletion","Assosa","D0"
"BA024-D0","no_deletion","Assosa","D0"
"BA026-D0","no_deletion","Assosa","D0"
"BA028-D0","no_deletion","Assosa","D0"
"BA029-D0","no_deletion","Assosa","D0"
"BA030-D0","no_deletion","Assosa","D0"
"BA031-D0","HRP2/3_deleted","Assosa","D0"
"BA032-D0","no_deletion","Assosa","D0"
"BA033-D0","no_deletion","Assosa","D0"
"BA034-D0","no_deletion","Assosa","D0"
"BA035-D0","no_deletion","Assosa","D0"
"BA036-D0","no_deletion","Assosa","D0"
"BA037-D0","no_deletion","Assosa","D0"
"BA038-D0","no_deletion","Assosa","D0"
"BA039-D0","no_deletion","Assosa","D0"
"BA040-D0","no_deletion","Assosa","D0"
"BA041-D0","no_deletion","Assosa","D0"
"BA042-D0","no_deletion","Assosa","D0"
"BA043-D0","no_deletion","Assosa","D0"
"BA044-D0","no_deletion","Assosa","D0"
"BA045-D0","no_deletion","Assosa","D0"
"BA046-D0","no_deletion","Assosa","D0"
"BA047-D0","no_deletion","Assosa","D0"
"BA048-D0","no_deletion","Assosa","D0"
"BA050-D0","no_deletion","Assosa","D0"
"BA051-D0","no_deletion","Assosa","D0"
"BA052-D0","no_deletion","Assosa","D0"
"BA053-D0","no_deletion","Assosa","D0"
"BA054-D0","no_deletion","Assosa","D0"
"BA055-D0","no_deletion","Assosa","D0"
"BA057-D0","no_deletion","Assosa","D0"
"BA059-D0","no_deletion","Assosa","D0"
"BA061-D0","no_deletion","Assosa","D0"
"BA062-D0","no_deletion","Assosa","D0"
"BA063-D0","no_deletion","Assosa","D0"
"BA064-D0","HRP3_only_deleted","Assosa","D0"
"BA065-D0","no_deletion","Assosa","D0"
"BA066-D0","HRP3_only_deleted","Assosa","D0"
"BA066-D28","HRP3_only_deleted","Assosa","D28"
"BA067-D0","no_deletion","Assosa","D0"
"BA068-D0","no_deletion","Assosa","D0"
"BA068-D21","no_deletion","Assosa","D21"
"BA070-D0","no_deletion","Assosa","D0"
"BA071-D0","no_deletion","Assosa","D0"
"BA072-D0","no_deletion","Assosa","D0"
"BA073-D0","no_deletion","Assosa","D0"
"BA074-D0","no_deletion","Assosa","D0"
"BA075-D0","no_deletion","Assosa","D0"
"BA076-D0","no_deletion","Assosa","D0"
"BA077-D0","no_deletion","Assosa","D0"
"BA078-D0","no_deletion","Assosa","D0"
"BA079-D0","no_deletion","Assosa","D0"
"BA081-D0","no_deletion","Assosa","D0"
"BA082-D0","no_deletion","Assosa","D0"
"BA083-D0","no_deletion","Assosa","D0"
"BA084-D0","no_deletion","Assosa","D0"
"BA085-D0","no_deletion","Assosa","D0"
"BA086-D0","no_deletion","Assosa","D0"
"BA087-D0","no_deletion","Assosa","D0"
"BA088-D0","no_deletion","Assosa","D0"
"GM001-D0","HRP2/3_deleted","Gondar","D0"
"GM002-D0","HRP3_only_deleted","Gondar","D0"
"GM003-D0","HRP3_only_deleted","Gondar","D0"
"GM004-D0","HRP3_only_deleted","Gondar","D0"
"GM005-D0","HRP3_only_deleted","Gondar","D0"
"GM006-D0","HRP2/3_deleted","Gondar","D0"
"GM007-D0","HRP3_only_deleted","Gondar","D0"
"GM008-D0","HRP2/3_deleted","Gondar","D0"
"GM009-D0","HRP3_only_deleted","Gondar","D0"
"GM011-D14","HRP3_only_deleted","Gondar","D14"
"GM013-D0","HRP2/3_deleted","Gondar","D0"
"GM014-D0","HRP3_only_deleted","Gondar","D0"
"GM016-D0","HRP2/3_deleted","Gondar","D0"
"GM017-D0","HRP2/3_deleted","Gondar","D0"
"GM018-D0","HRP2/3_deleted","Gondar","D0"
"GM019-D0","HRP3_only_deleted","Gondar","D0"
"GM020-D0","HRP3_only_deleted","Gondar","D0"
"GM022-D0","HRP2/3_deleted","Gondar","D0"
"GM023-D0","HRP3_only_deleted","Gondar","D0"
"GM024-D0","HRP2/3_deleted","Gondar","D0"
"GM025-D0","HRP2/3_deleted","Gondar","D0"
"GM026-D0","HRP2/3_deleted","Gondar","D0"
"GM027-D0","HRP3_only_deleted","Gondar","D0"
"GM027-D21","HRP3_only_deleted","Gondar","D21"
"GM028-D0","HRP3_only_deleted","Gondar","D0"
"GM030-D0","HRP3_only_deleted","Gondar","D0"
"GM031-D0","HRP3_only_deleted","Gondar","D0"
"GM032-D0","HRP2/3_deleted","Gondar","D0"
"GM033-D0","HRP2/3_deleted","Gondar","D0"
"GM034-D0","HRP2/3_deleted","Gondar","D0"
"GM035-D0","HRP2/3_deleted","Gondar","D0"
"GM036-D0","HRP2/3_deleted","Gondar","D0"
"GM037-D0","HRP3_only_deleted","Gondar","D0"
"GM038-D0","HRP2/3_deleted","Gondar","D0"
"GM039-D0","HRP3_only_deleted","Gondar","D0"
"GM040-D0","HRP3_only_deleted","Gondar","D0"
"GM041-D0","HRP2/3_deleted","Gondar","D0"
"GM042-D0","HRP2/3_deleted","Gondar","D0"
"GM043-D0","HRP3_only_deleted","Gondar","D0"
"GM044-D0","HRP2/3_deleted","Gondar","D0"
"GM045-D0","HRP3_only_deleted","Gondar","D0"
"GM046-D0","HRP3_only_deleted","Gondar","D0"
"GM046-D28","HRP3_only_deleted","Gondar","D28"
"GM047-D0","HRP3_only_deleted","Gondar","D0"
"GM048-D0","HRP2/3_deleted","Gondar","D0"
"GM049-D0","HRP3_only_deleted","Gondar","D0"
"GM050-D0","HRP2/3_deleted","Gondar","D0"
"GM051-D0","HRP3_only_deleted","Gondar","D0"
"GM052-D0","HRP2/3_deleted","Gondar","D0"
"GM053-D0","HRP2/3_deleted","Gondar","D0"
"GM054-D0","HRP2/3_deleted","Gondar","D0"
"GM057-D0","HRP3_only_deleted","Gondar","D0"
"GM058-D0","HRP3_only_deleted","Gondar","D0"
"GM059-D0","HRP3_only_deleted","Gondar","D0"
"GM061-D0","HRP3_only_deleted","Gondar","D0"
"GM062-D0","HRP3_only_deleted","Gondar","D0"
"GM063-D0","HRP2/3_deleted","Gondar","D0"
"GM063-D21","HRP3_only_deleted","Gondar","D21"
"GM064-D0","HRP3_only_deleted","Gondar","D0"
"GM065-D0","HRP2/3_deleted","Gondar","D0"
"GM066-D0","HRP3_only_deleted","Gondar","D0"
"GM067-D0","HRP2/3_deleted","Gondar","D0"
"GM068-D0","HRP3_only_deleted","Gondar","D0"
"GM069-D0","HRP3_only_deleted","Gondar","D0"
"GM070-D0","HRP2/3_deleted","Gondar","D0"
"GM070-D28","HRP2/3_deleted","Gondar","D28"
"GM071-D0","HRP3_only_deleted","Gondar","D0"
"GM072-D0","HRP3_only_deleted","Gondar","D0"
"GM073-D0","HRP3_only_deleted","Gondar","D0"
"GM074-D0","HRP3_only_deleted","Gondar","D0"
"GM075-D0","HRP3_only_deleted","Gondar","D0"
"GM076-D0","HRP2/3_deleted","Gondar","D0"
"GM076-D21","HRP2/3_deleted","Gondar","D21"
"GM077-D0","HRP3_only_deleted","Gondar","D0"
"GM078-D0","HRP3_only_deleted","Gondar","D0"
"GM079-D0","no_deletion","Gondar","D0"
"GM080-D0","HRP2/3_deleted","Gondar","D0"
"GM081-D0","HRP2/3_deleted","Gondar","D0"
"GM082-D0","HRP2/3_deleted","Gondar","D0"
"GM082-D21","HRP2/3_deleted","Gondar","D21"
"GM083-D0","no_deletion","Gondar","D0"
"GM084-D0","HRP3_only_deleted","Gondar","D0"
"GM085-D0","HRP3_only_deleted","Gondar","D0"
"GM086-D0","HRP3_only_deleted","Gondar","D0"
"GM087-D0","HRP2/3_deleted","Gondar","D0"
"GM088-D0","HRP2/3_deleted","Gondar","D0"
"GM089-D0","no_deletion","Gondar","D0"
"MM001-D0","HRP3_only_deleted","Mizan","D0"
"MM002-D0","no_deletion","Mizan","D0"
"MM004-D0","HRP2_only_deleted","Mizan","D0"
"MM005-D0","no_deletion","Mizan","D0"
"MM006-D0","HRP2_only_deleted","Mizan","D0"
"MM007-D0","no_deletion","Mizan","D0"
"MM008-D0","no_deletion","Mizan","D0"
"MM008-D21","no_deletion","Mizan","D21"
"MM009-D0","no_deletion","Mizan","D0"
"MM010-D0","no_deletion","Mizan","D0"
"MM011-D0","HRP2/3_deleted","Mizan","D0"
"MM013-D21","HRP2_only_deleted","Mizan","D21"
"MM014-D0","no_deletion","Mizan","D0"
"MM015-D0","no_deletion","Mizan","D0"
"MM016-D0","no_deletion","Mizan","D0"
"MM018-D0","no_deletion","Mizan","D0"
"MM019-D0","no_deletion","Mizan","D0"
"MM020-D0","no_deletion","Mizan","D0"
"MM021-D0","no_deletion","Mizan","D0"
"MM022-D0","no_deletion","Mizan","D0"
"MM023-D0","no_deletion","Mizan","D0"
"MM024-D0","no_deletion","Mizan","D0"
"MM025-D0","no_deletion","Mizan","D0"
"MM026-D0","no_deletion","Mizan","D0"
"MM027-D0","no_deletion","Mizan","D0"
"MM028-D0","no_deletion","Mizan","D0"
"MM029-D0","no_deletion","Mizan","D0"
"MM030-D0","no_deletion","Mizan","D0"
"MM030-D28","no_deletion","Mizan","D28"
"MM031-D0","no_deletion","Mizan","D0"
"MM032-D0","HRP2_only_deleted","Mizan","D0"
"MM033-D0","no_deletion","Mizan","D0"
"MM033-D21","no_deletion","Mizan","D21"
"MM034-D0","no_deletion","Mizan","D0"
"MM035-D0","no_deletion","Mizan","D0"
"MM036-D0","HRP3_only_deleted","Mizan","D0"
"MM037-D0","no_deletion","Mizan","D0"
"MM037-D21","no_deletion","Mizan","D21"
"MM039-D0","no_deletion","Mizan","D0"
"MM041-D0","no_deletion","Mizan","D0"
"MM042-D0","no_deletion","Mizan","D0"
"MM043-D0","no_deletion","Mizan","D0"
"MM044-D0","HRP2_only_deleted","Mizan","D0"
"MM044-D21","no_deletion","Mizan","D21"
"MM045-D0","HRP3_only_deleted","Mizan","D0"
"MM045-D28","no_deletion","Mizan","D28"
"MM046-D0","no_deletion","Mizan","D0"
"MM047-D0","no_deletion","Mizan","D0"
"MM047-D21","no_deletion","Mizan","D21"
"MM048-D0","no_deletion","Mizan","D0"
"MM049-D0","HRP2_only_deleted","Mizan","D0"
"MM049-D21","no_deletion","Mizan","D21"
"MM050-D0","no_deletion","Mizan","D0"
"MM052-D0","HRP2_only_deleted","Mizan","D0"
"MM053-D0","no_deletion","Mizan","D0"
"MM053-D28","no_deletion","Mizan","D28"
"MM054-D0","no_deletion","Mizan","D0"
"MM055-D21","HRP2/3_deleted","Mizan","D21"
"MM057-D21","HRP2_only_deleted","Mizan","D21"
"MM059-D21","HRP2_only_deleted","Mizan","D21"
"MM060-D28","no_deletion","Mizan","D28"
"MM061-D0","no_deletion","Mizan","D0"
"MM061-D28","no_deletion","Mizan","D28"
"MM062-D0","no_deletion","Mizan","D0"
"MM063-D0","no_deletion","Mizan","D0"
"MM064-D0","no_deletion","Mizan","D0"
"MM064-D28","HRP2_only_deleted","Mizan","D28"
"MM065-D0","HRP2_only_deleted","Mizan","D0"
"MM066-D0","HRP2_only_deleted","Mizan","D0"
"MM066-D28","HRP2/3_deleted","Mizan","D28"
"MM067-D0","HRP2_only_deleted","Mizan","D0"
"MM068-D0","no_deletion","Mizan","D0"
"MM071-D0","no_deletion","Mizan","D0"
"MM072-D0","HRP2_only_deleted","Mizan","D0"
"MM073-D0","no_deletion","Mizan","D0"
"MM073-D21","no_deletion","Mizan","D21"
"MM074-D0","no_deletion","Mizan","D0"
"MM075-D0","no_deletion","Mizan","D0"
"MM077-D21","no_deletion","Mizan","D21"
"MM078-D0","no_deletion","Mizan","D0"
"MM079-D0","HRP2_only_deleted","Mizan","D0"
"MM080-D0","no_deletion","Mizan","D0"
"MM081-D0","no_deletion","Mizan","D0"
"MM082-D0","HRP2_only_deleted","Mizan","D0"
"MM082-Unsch","no_deletion","Mizan","Unsch"
"MM085-D0","HRP2_only_deleted","Mizan","D0"
"MM085-D14","HRP2_only_deleted","Mizan","D14"
"MM086-D0","no_deletion","Mizan","D0"
"MM086-D21","HRP2_only_deleted","Mizan","D21"
"MM087-D0","no_deletion","Mizan","D0"
"MM088-D0","no_deletion","Mizan","D0"
"AC022-D21","no_deletion","Abobo","D21"
"AC051-D0","HRP2/3_deleted","Abobo","D0"
"MM013-D0","HRP2_only_deleted","Mizan","D0"
"MM055-D0","no_deletion","Mizan","D0"
"MM056-D0","no_deletion","Mizan","D0"
"MM069-D0","no_deletion","Mizan","D0"
