sample_id,post_coi_lower,post_coi_med,post_coi_upper,post_coi_mean,naive_coi,offset_naive_coi,prob_polyclonal,site,post_effective_coi_lower,post_effective_coi_med,post_effective_coi_upper,post_effective_coi_mean
AA001-D0,1,1,1,1,1,1,0,Asayita,1,1,1,1
AA003-D0,1,1,1,1,1,1,0,Asayita,1,1,1,1
AA004-D0,1,1,1,1,1,1,0,Asayita,1,1,1,1
AA005-D0,1,1,1,1.004,1,1,0.004,Asayita,1,1,1,1.0000604606866836
AA006-D0,1,1,1,1,1,1,0,Asayita,1,1,1,1
AA007-D0,1,1,1,1,1,1,0,Asayita,1,1,1,1
AA008-D0,1,1,1,1,1,1,0,Asayita,1,1,1,1
AA009-D0,1,1,1,1,2,1,0,Asayita,1,1,1,1
AA010-D0,4,5,6,4.782,4,3,1,Asayita,3.402362748980522,3.8664724826812744,4.421471883356571,3.8861477926895023
AA011-D0,1,1,1,1,1,1,0,Asayita,1,1,1,1
AA012-D0,2,2,3,2.096,2,2,1,Asayita,1.2346182003617285,1.3367905616760254,1.4605407625436784,1.34222482290864
AA013-D0,1,1,1,1,1,1,0,Asayita,1,1,1,1
AA014-D0,1,1,1,1,2,1,0,Asayita,1,1,1,1
AA015-D0,1,1,1,1,1,1,0,Asayita,1,1,1,1
AA016-D0,1,1,1,1,1,1,0,Asayita,1,1,1,1
AA018-D0,1,1,1,1,1,1,0,Asayita,1,1,1,1
AA019-D0,2,2,3,2.026,2,2,1,Asayita,1.4200443103909492,1.54294353723526,1.6730383314192296,1.5430492297410965
AA020-D0,1,1,1,1,1,1,0,Asayita,1,1,1,1
AA021-D0,1,1,1,1,1,1,0,Asayita,1,1,1,1
AA022-D0,1,1,1,1,1,1,0,Asayita,1,1,1,1
AA023-D0,1,1,1,1,1,1,0,Asayita,1,1,1,1
AA024-D0,1,1,1,1,1,1,0,Asayita,1,1,1,1
AA025-D0,1,1,1,1,1,1,0,Asayita,1,1,1,1
AA026-D0,2,2,3,2.067,2,2,1,Asayita,1.3322599515318871,1.462361216545105,1.6062453232705591,1.4635384019613267
AA027-D0,1,1,1,1,1,1,0,Asayita,1,1,1,1
AA028-D0,4,4,5,4.241,4,4,1,Asayita,2.786999225616455,3.099727541208267,3.425471782684326,3.104251849129796
AA029-D0,3,3,5,3.266,3,3,1,Asayita,2.517310965806246,2.7706831097602844,3.20011392980814,2.78818102812767
AA030-D0,2,2,2,2.024,2,2,1,Asayita,1.578282117843628,1.7261461466550827,1.8725341361016037,1.7259742096588016
AA031-D0,1,1,1,1,1,1,0,Asayita,1,1,1,1
AA032-D0,1,1,1,1,1,1,0,Asayita,1,1,1,1
AA033-D0,1,1,1,1,1,1,0,Asayita,1,1,1,1
AA034-D0,1,1,1,1,1,1,0,Asayita,1,1,1,1
AA034-Unsch,1,1,1,1,1,1,0,Asayita,1,1,1,1
AA036-D0,2,2,3,2.089,2,2,1,Asayita,1.3890185952186584,1.5258376598358154,1.6769886046648024,1.5283164601922035
AA037-D0,1,1,1,1,1,1,0,Asayita,1,1,1,1
AA038-D0,2,2,3,2.103,2,2,1,Asayita,1.700321760773659,1.8236706256866455,2.1160309314727783,1.8357872375957667
AA039-D0,1,1,1,1,1,1,0,Asayita,1,1,1,1
AA040-D0,1,1,1,1,1,1,0,Asayita,1,1,1,1
AA041-D0,2,2,2,2.023,2,2,1,Asayita,1.8406139854341745,1.9277666807174683,1.9883364730514586,1.9317975063156336
AA042-D0,1,1,1,1,2,2,0,Asayita,1,1,1,1
AA044-D0,2,2,3,2.042,2,2,1,Asayita,1.4278820753097534,1.5617200136184692,1.7223991863429546,1.5676553246080875
AA045-D0,4,4,5,4.139,4,3,1,Asayita,1.5116932392120361,1.6983929574489594,1.9266319170594215,1.6989326078891753
AA046-D0,1,1,1,1,1,1,0,Asayita,1,1,1,1
AA047-D0,1,1,2,1.223,2,2,0.204,Asayita,1,1,1.1091772258281707,1.0155204342007638
AA048-D0,1,1,1,1,1,1,0,Asayita,1,1,1,1
AA049-D0,2,2,3,2.038,2,2,1,Asayita,1.7886426895856857,1.9047707319259644,2.0611514210700976,1.9081759654842316
AA051-D0,1,1,2,1.387,2,2,0.371,Asayita,1,1,1.1167263105511667,1.0260189920067788
AA052-D0,2,2,3,2.078,2,2,1,Asayita,1.4045832440257073,1.5685033798217773,1.731156054139137,1.5722211518138647
AA053-D0,4,4,5,4.142,4,3,1,Asayita,1.520865249633789,1.731982171535492,1.9504858300089836,1.7310903295874596
AA054-D0,1,1,1,1,1,1,0,Asayita,1,1,1,1
AA056-D0,2,2,2,2.005,2,2,1,Asayita,1.7237560451030731,1.8552298843860626,1.9473956555128098,1.8502658568639307
AA057-D0,1,1,2,1.07,2,2,0.068,Asayita,1,1,1.2015641331672668,1.0127060871720315
AA058-D0,1,1,1,1,1,1,0,Asayita,1,1,1,1
AA059-D0,1,1,1,1,2,2,0,Asayita,1,1,1,1
AA060-D0,1,1,1,1,1,1,0,Asayita,1,1,1,1
AA061-D0,1,1,1,1,1,1,0,Asayita,1,1,1,1
AA062-D0,1,1,1,1,1,1,0,Asayita,1,1,1,1
AA063-D0,1,1,1,1,1,1,0,Asayita,1,1,1,1
AA064-D0,2,2,3,2.067,2,2,1,Asayita,1.2509291172027588,1.3637142777442932,1.5053034991025924,1.3669743020832539
AA065-D0,1,1,1,1,1,1,0,Asayita,1,1,1,1
AA066-D0,1,1,1,1,1,1,0,Asayita,1,1,1,1
AA067-D0,1,1,1,1,1,1,0,Asayita,1,1,1,1
AA068-D0,1,1,1,1,1,1,0,Asayita,1,1,1,1
AA069-D0,1,1,1,1,1,1,0,Asayita,1,1,1,1
AA070-D0,1,1,1,1,1,1,0,Asayita,1,1,1,1
AA071-D0,3,3,4,3.056,3,2,1,Asayita,2.2503833979368206,2.4735675156116486,2.737684726715088,2.473958106994629
AA073-D0,1,1,1,1,1,1,0,Asayita,1,1,1,1
AA076-D0,1,1,1,1,1,1,0,Asayita,1,1,1,1
AA077-D0,4,4,6,4.224,4,4,1,Asayita,2.008142590522766,2.2850282788276672,2.5575017534196376,2.282045707285404
AA078-D0,2,2,3,2.386,4,4,1,Asayita,1.4890864938497543,1.6764928996562958,1.9382466077804565,1.680612478479743
AA080-D0,1,1,1,1,1,1,0,Asayita,1,1,1,1
AA081-D0,1,1,1,1,1,1,0,Asayita,1,1,1,1
AA081-D28,2,2,3,2.043,2,2,1,Asayita,1.4158996373414994,1.5390248596668243,1.6761439576745032,1.538554034844041
AA082-D0,1,1,1,1,1,1,0,Asayita,1,1,1,1
AA083-D0,1,1,1,1,1,1,0,Asayita,1,1,1,1
AA084-D0,1,1,1,1,1,1,0,Asayita,1,1,1,1
AA085-D0,1,1,1,1,1,1,0,Asayita,1,1,1,1
AA086-D0,1,1,1,1,1,1,0,Asayita,1,1,1,1
AA088-D0,1,1,1,1,1,1,0,Asayita,1,1,1,1
AA089-D0,1,1,1,1,1,1,0,Asayita,1,1,1,1
AA090-D0,1,1,1,1,1,1,0,Asayita,1,1,1,1
AA091-D0,1,1,1,1,1,1,0,Asayita,1,1,1,1
AA092-D0,1,1,1,1,1,1,0,Asayita,1,1,1,1
AA093-D0,3,3,5,3.172,3,3,1,Asayita,1.8628566265106201,2.070150703191757,2.299839383363724,2.0712486073374747
AA094-D0,1,1,2,1.286,2,2,0.262,Asayita,1,1,1.1183891296386719,1.0204866502285004
AA095-D0,2,2,3,2.09,2,2,1,Asayita,1.2331927508115768,1.337325006723404,1.4702979892492294,1.3402251597046853
AA096-D0,3,3,4,3.095,3,2,1,Asayita,1.1939831346273422,1.3114371299743652,1.449193298816681,1.3111470172405242
AA097-D0,2,3,3,2.608,4,4,1,Asayita,1.7508742678910494,2.009370446205139,2.30436747521162,1.9978686818517744
AA098-D0,2,2,3,2.083,2,2,0.998,Asayita,1.2012063264846802,1.3256152868270874,1.4601800262928009,1.3274178645014763
AA099-D0,1,1,1,1,2,2,0,Asayita,1,1,1,1
AA100-D0,1,3,4,2.497,3,2,0.708,Asayita,1,1.204068660736084,1.3390594035387038,1.1666367163062095
AC001-D0,3,3,5,3.291,3,3,1,Gambella,1.477758628129959,1.6378998756408691,1.8047064542770386,1.6370677313804627
AC002-D0,3,3,6,3.65,3,3,1,Gambella,1.4055554062128066,1.543519377708435,1.701619267463684,1.5453942796587945
AC003-D0,1,1,2.0249999999999773,1.128,2,2,0.101,Gambella,1,1,1.0733788788318632,1.0061188104748726
AC004-D0,2,2,4,2.338,2,2,1,Gambella,1.1233030810952187,1.1977545022964478,1.2855424880981445,1.2008722832798957
AC004-D28,1,1,1,1,1,1,0,Gambella,1,1,1,1
AC005-D0,3,3,5,3.364,3,2,1,Gambella,1.139789479970932,1.216485619544983,1.3106151401996613,1.218234609901905
AC006-D0,1,1,1,1,1,1,0,Gambella,1,1,1,1
AC007-D0,2,2,4,2.316,2,2,1,Gambella,1.060952079296112,1.1163733005523682,1.1919553458690644,1.1188609407544137
AC008-D0,4,4,6,4.565,4,4,1,Gambella,2.2210106775164604,2.440989673137665,2.698142273724079,2.446473585754633
AC009-D0,2,2,4,2.283,2,2,1,Gambella,1.0313930183649063,1.0652227103710175,1.135006070137024,1.0705631137490272
AC010-D0,2,2,4,2.241,2,2,1,Gambella,1.2934576272964478,1.4072135090827942,1.5283499360084534,1.4090435303747655
AC011-D0,6,7,8,6.65,6,6,1,Gambella,3.109506592154503,3.4247241020202637,3.8004170656204224,3.433510091304779
AC012-D0,4,5,8,5.407,4,4,1,Gambella,1.491057249903679,1.6330630481243134,1.803292989730835,1.637832073867321
AC013-D0,2,2,5,2.384,2,2,1,Gambella,1.2130827903747559,1.3119369149208069,1.4328686654567717,1.3159314010739327
AC014-D0,2,2,4,2.362,2,2,1,Gambella,1.2572592079639433,1.372365802526474,1.5082927942276,1.3735883287489414
AC015-D0,1,2,4,2.15,2,2,0.942,Gambella,1,1.06183522939682,1.135556125640869,1.0651353145837783
AC015-D28,1,1,1,1,1,1,0,Gambella,1,1,1,1
AC016-D0,5,5,6,5.223,5,4,1,Gambella,3.1198413759469985,3.4417195320129395,3.7786942422389984,3.44589935028553
AC017-D0,1,1,1,1,1,1,0,Gambella,1,1,1,1
AC018-D0,3,3,6,3.499,3,3,1,Gambella,1.2377739429473877,1.3428440690040588,1.4618123769760132,1.3453212985396386
AC019-D0,1,1,1,1.011,2,1,0.011,Gambella,1,1,1,1.0002652638554572
AC020-D0,2,2,2,2,3,3,1,Gambella,1.5521997809410095,1.6486103534698486,1.7479059010744096,1.647058665499091
AC021-D0,2,2,4,2.432,2,2,1,Gambella,1.200368343293667,1.2928261160850525,1.4090079575777053,1.2956492170095444
AC022-D0,1,1,1,1,3,2,0,Gambella,1,1,1,1
AC022-D21,2,2,3,2.126,2,2,1,Gambella,1.2652251720428467,1.3776837587356567,1.4807465210556985,1.3764416342675685
AC023-D0,1,1,3,1.425,2,2,0.36,Gambella,1,1,1.096015214920044,1.022446520447731
AC024-D0,3,3,6,3.582,3,3,1,Gambella,1.685099232196808,1.840080976486206,2.035346993803978,1.841861596405506
AC025-D0,2,2,4,2.282,2,2,1,Gambella,1.04751318693161,1.095536231994629,1.1819586396217345,1.100805817902088
AC027-D0,1,1,1,1,1,1,0,Gambella,1,1,1,1
AC028-D0,1,1,1,1,3,1,0,Gambella,1,1,1,1
AC028-D21,1,1,1,1,1,1,0,Gambella,1,1,1,1
AC029-D0,5,5,7,5.303,5,4,1,Gambella,2.4022629261016846,2.640903949737549,2.915159066021442,2.6420170527100564
AC032-D0,1,1,1,1.01,2,2,0.006,Gambella,1,1,1,1.0004931712150573
AC033-D0,6,6,9,6.576,6,5,1,Gambella,2.3917201682925224,2.6604655981063843,2.9654163971543315,2.662361027896404
AC033-D28,1,1,1,1,1,1,0,Gambella,1,1,1,1
AC034-D0,3,3,5,3.421,3,2,1,Gambella,1.2044711112976074,1.3013440370559692,1.4429165542125701,1.3056795002222061
AC036-D0,2,2,4,2.207,2,2,1,Gambella,1.0454800873994827,1.0954077541828156,1.1650041714310646,1.0964854764938354
AC037-D0,4,5,7,4.735,4,4,1,Gambella,2.423058032989502,2.6625441908836365,2.926415006816387,2.6652642234265804
AC038-D0,1,1,1,1,1,1,0,Gambella,1,1,1,1
AC039-D0,2,2,4,2.379,3,3,1,Gambella,1.6478504836559296,1.797282412648201,2.1031415462493896,1.8356082627624273
AC040-D0,1,2,4,2.225,2,2,0.966,Gambella,1,1.0694394409656525,1.1359286665916444,1.0705407850742341
AC041-D0,1,1,1,1,2,2,0,Gambella,1,1,1,1
AC043-D0,1,1,1,1,1,1,0,Gambella,1,1,1,1
AC043-D21,1,1,1,1,1,1,0,Gambella,1,1,1,1
AC044-D0,3,3,6,3.729,3,3,1,Gambella,1.2675848007202148,1.3794771432876587,1.5095472931861875,1.3824613906145096
AC045-D0,3,3,6,3.606,3,3,1,Gambella,1.5193024054169655,1.6599386930465698,1.8393926307559014,1.670411270737648
AC048-D0,2,2,4,2.195,2,2,1,Gambella,1.1080967023968697,1.1783482134342194,1.2569902420043944,1.1780554994940757
AC049-D0,1,1,1,1,1,1,0,Gambella,1,1,1,1
AC050-D0,4,5,7,5.243,4,4,1,Gambella,2.1583783626556396,2.3883590698242188,2.627659970521927,2.393331505894661
AC051-D0,1,1,1,1,3,2,0,Gambella,1,1,1,1
AC052-D0,2,2,4,2.343,2,2,1,Gambella,1.2212657198309897,1.3080843091011047,1.4072709754109383,1.3099966534674168
AC053-D0,3,3,5,3.428,3,2,1,Gambella,1.1972652792930603,1.2897020876407623,1.4037372678518296,1.2936888127923012
AC054-D0,1,1,1,1,1,1,0,Gambella,1,1,1,1
AC055-D0,3,4,5,3.965,4,4,1,Gambella,2.4659218788146973,2.7403388768434525,3.0086127646267413,2.7387165197730066
AC056-D0,2,2,2,2,2,2,1,Gambella,1.841218963265419,1.9238640069961548,1.980597141291946,1.920998079251498
AC057-D0,1,1,1,1,1,1,0,Gambella,1,1,1,1
AC058-D0,1,1,1,1.009,2,1,0.008,Gambella,1,1,1,1.000421147108078
AC059-D0,3,3,4,3.085,3,3,1,Gambella,2.5755395174026487,2.7338267266750336,2.9603596925735474,2.7408451003059744
AC060-D0,1,1,1,1,1,1,0,Gambella,1,1,1,1
AC061-D0,2,2,5,2.47,2,2,1,Gambella,1.2675117522478103,1.366015076637268,1.501331689953804,1.3737466372847558
AC062-D0,2,2,4,2.251,2,2,1,Gambella,1.0625839829444885,1.1222626864910126,1.202951580286026,1.1259401699900626
AC063-D0,3,3,5,3.634,3,3,1,Gambella,1.1521700233221053,1.2378055453300476,1.3522014021873474,1.2423498666882515
AC064-D0,3,3,5,3.385,3,2,1,Gambella,1.1051548898220063,1.1771441102027893,1.2840074300765991,1.1832875373363494
AC065-D0,3,3,4,3.182,3,3,1,Gambella,1.8022508218884468,1.984868735074997,2.186340722441673,1.9911351596713067
AC066-D0,4,5,6,4.802,4,4,1,Gambella,2.253026098012924,2.4800126552581787,2.732967257499695,2.4862623963952064
AC067-D0,4,5,8,5.514,4,4,1,Gambella,1.326695051789284,1.4517276287078857,1.585811758041382,1.4537573667168617
AC069-D0,4,5,8,5.554,4,4,1,Gambella,2.0418473705649376,2.243474692106247,2.4809536308050153,2.249431321442127
AC069-D21,2,2,3,2.071,2,2,1,Gambella,1.3385485380887985,1.4410875737667084,1.5611735880374908,1.4425132882893086
AC070-D0,2,2,4,2.237,2,2,0.982,Gambella,1.1002874374389648,1.1829426288604736,1.2762360215187072,1.182350787639618
AC071-D0,3,3,6,3.783,3,3,1,Gambella,1.2640028148889542,1.3802834749221802,1.4987951353192328,1.3803152278065682
AC072-D0,2,2,4,2.321,2,2,1,Gambella,1.2548664331436157,1.357654720544815,1.4896096736192703,1.3629943286776542
AC073-D0,4,5,7,4.873,4,4,1,Gambella,1.7980282455682755,1.9897040128707886,2.1883771121501923,1.9860587903857232
AC074-D0,4,4,7,4.409,4,4,1,Gambella,2.3534826427698134,2.6254149079322815,2.9021406173706055,2.6241469422280788
AC075-D0,3,3,5.024999999999977,3.578,3,3,1,Gambella,1.334972620010376,1.4660956859588623,1.6215598553419113,1.4707497738599777
AC076-D0,4,4,7,4.668,4,3,1,Gambella,1.3666093349456787,1.4989336729049683,1.6726642847061157,1.5052793388962746
AC077-D0,2,3,5,2.926,3,3,1,Gambella,1.641231209039688,1.81296968460083,2.0118019580841064,1.812235845014453
AC078-D0,3,4,7,4.061,3,3,1,Gambella,1.5189212560653687,1.6928108930587769,1.8654610395431517,1.693419691801071
AC079-D0,3,3,3,3.023,3,3,1,Gambella,2.200639624893665,2.3836145401000977,2.5719061486423014,2.3868186577856543
AC080-D0,1,1,1,1.067,3,2,0.024,Gambella,1,1,1,1.0028158719539642
AC081-D0,1,1,1,1,1,1,0,Gambella,1,1,1,1
AC082-D0,1,1,1,1,2,2,0,Gambella,1,1,1,1
AC083-D0,1,1,1,1.004,2,2,0.004,Gambella,1,1,1,1.0002690277099608
AC084-D0,3,4,6,3.786,4,4,1,Gambella,1.909281149506569,2.1196439266204834,2.3515860214829445,2.122566832125187
AC084-D21,2,2,4,2.317,2,2,1,Gambella,1.04222112596035,1.0870352983474731,1.159848928451538,1.0909651691913604
AC085-D0,4,5,7,5.09,4,4,1,Gambella,2.0518622398376465,2.29106342792511,2.4963321685791016,2.28328637355566
AC086-D0,3,3,4,3.139,3,3,1,Gambella,1.710862922668457,1.8560377359390259,2.0575175285339355,1.8656352387070656
AC087-D0,3,3,5,3.597,3,3,1,Gambella,1.297801822423935,1.4052774906158447,1.5283681750297546,1.4098152594566344
AC088-D0,2,5,7,5.027,5,2,1,Gambella,1.479433298110962,1.6501584649085999,1.832443881034851,1.6557137834727764
AC089-D0,1,1,1,1,1,1,0,Gambella,1,1,1,1
AC090-D0,4,4,6,4.158,4,3,1,Gambella,2.1251699000597,2.3461720943450928,2.5504753604531287,2.343208446532488
AC091-D0,2,2,2,2,2,2,1,Gambella,1.5742381811141968,1.686443567276001,1.8121302425861359,1.6889044363051653
AC091-D21,1,1,2,1.044,2,1,0.036,Gambella,1,1,1.028364469110966,1.0017118570804595
AC092-D0,2,2,2,2,2,2,1,Gambella,1.6191159784793854,1.7364666610956192,1.8372277073562144,1.7341982994452119
AC093-D0,2,2,2,2,2,2,1,Gambella,1.6362630724906921,1.7663536816835403,1.8780093848705293,1.7637092391252518
AC094-D0,1,1,1,1,2,2,0,Gambella,1,1,1,1
AC095-D0,1,1,1,1,1,1,0,Gambella,1,1,1,1
BA001-D0,1,1,1,1,1,1,0,Assossa,1,1,1,1
BA002-D0,2,2,2,2,2,2,1,Assossa,1.7198523551225664,1.8212941884994507,1.912781149148941,1.8194689033702016
BA003-D0,1,1,1,1,1,1,0,Assossa,1,1,1,1
BA004-D0,1,1,1,1,1,1,0,Assossa,1,1,1,1
BA005-D0,2,2,4,2.186,2,2,0.996,Assossa,1.2107704877853394,1.311460256576538,1.4197524905204773,1.3130050951838492
BA006-D0,4,4,5,4.319,4,4,1,Assossa,3.6017367094755173,3.8336882051080465,4.268547534942627,3.8688872440801934
BA007-D0,3,3,5,3.418,3,3,1,Assossa,1.1394117027521133,1.2268458604812622,1.3438945427536964,1.2313179557323455
BA008-D0,5,5,6,5.056,5,5,1,Assossa,3.2276971340179443,3.5349828600883484,3.836168885231018,3.5284374727904795
BA010-D0,4,5,7,4.772,4,4,1,Assossa,1.2158561304211617,1.318413496017456,1.4423001706600187,1.3211353441476823
BA011-D0,4,4,6,4.384,4,4,1,Assossa,2.3424442574381827,2.5832537412643433,2.8200302124023438,2.5847368105351927
BA012-D0,1,1,1,1,1,1,0,Assossa,1,1,1,1
BA013-D0,1,1,1,1,1,1,0,Assossa,1,1,1,1
BA014-D0,4,5,6,4.873,5,4,1,Assossa,2.6335060596466064,2.8978050351142883,3.2296902179718017,2.912912349835038
BA015-D0,3,3,4,3.028,3,3,1,Assossa,1.9579814076423645,2.1230699121952057,2.3310511112213135,2.130953711628914
BA016-D0,4,4,5,4.18,4,4,1,Assossa,2.8718190789222717,3.1262950897216797,3.412698967754841,3.1312044941335917
BA017-D0,1,1,2,1.048,2,1,0.048,Assossa,1,1,1.033773946762085,1.0022182860374451
BA018-D0,2,2,3,2.118,2,2,1,Assossa,1.3277242839336396,1.4442570209503174,1.5712955728173257,1.4453478818535805
BA018-D21,1,1,1,1,1,1,0,Assossa,1,1,1,1
BA019-D0,4,4,6,4.517,4,4,1,Assossa,2.043323615193367,2.2267367243766785,2.4481770932674407,2.23584552949667
BA020-D0,6,6,8,6.319,6,5,1,Assossa,4.766497232019901,5.237720370292664,5.730120597686618,5.239115786425769
BA021-D0,1,1,1,1,1,1,0,Assossa,1,1,1,1
BA022-D0,1,1,1,1,1,1,0,Assossa,1,1,1,1
BA023-D0,2,2,4,2.51,3,3,1,Assossa,1.5333857059478762,1.6731228828430176,1.8626824051141737,1.6785935935974121
BA024-D0,1,1,1,1,1,1,0,Assossa,1,1,1,1
BA025-D0,4,4,5,4.043,4,4,1,Assossa,2.762457460165024,3.0238759219646454,3.2971904646605252,3.0261636803597214
BA026-D0,1,1,1,1,1,1,0,Assossa,1,1,1,1
BA028-D0,2,2,2,2,4,2,1,Assossa,1.8273850679397583,1.9117896556854248,1.9653331339359283,1.9053092943402008
BA029-D0,1,1,1,1,1,1,0,Assossa,1,1,1,1
BA030-D0,1,1,1,1.02,2,1,0.018,Assossa,1,1,1,1.000707236647606
BA031-D0,1,1,1,1,2,1,0,Assossa,1,1,1,1
BA032-D0,1,1,1,1,1,1,0,Assossa,1,1,1,1
BA033-D0,1,1,1,1,1,1,0,Assossa,1,1,1,1
BA034-D0,2,2,2,2,2,2,1,Assossa,1.7194270491600037,1.8347328901290894,1.9363680928945541,1.8311822888795286
BA035-D0,3,3,3,3.021,3,3,1,Assossa,2.3605616092681885,2.548440456390381,2.726704388856888,2.5486676579266785
BA036-D0,4,4,5,4.11,4,4,1,Assossa,3.0972243942320348,3.3357331454753876,3.570746600627899,3.339771490074694
BA037-D0,2,2,4,2.742,4,4,1,Assossa,1.8377212882041931,1.9321997687220573,2.499315857887268,2.0682513714861126
BA038-D0,7,7,7,7.005,7,7,1,Assossa,4.979357123374939,5.389802694320679,5.835677514970302,5.407138635873794
BA039-D0,1,1,1,1,1,1,0,Assossa,1,1,1,1
BA040-D0,3,3,5,3.23,3,3,1,Assossa,1.6038478702306749,1.7642903327941895,1.9493993520736694,1.766864388883114
BA041-D0,4,4,5,4.107,4,3,1,Assossa,2.894342097640038,3.1638969779014587,3.477787186205387,3.164897928208113
BA042-D0,1,1,1,1,1,1,0,Assossa,1,1,1,1
BA043-D0,4,4,6,4.332,4,4,1,Assossa,3.234420175850391,3.499866098165512,3.9051544368267055,3.511445639964193
BA044-D0,2,2,4,2.232,2,2,1,Assossa,1.3283758163452148,1.428483933210373,1.5335062742233276,1.4310919444262982
BA045-D0,4,4,7,4.59,4,4,1,Assossa,1.4534653455018998,1.5789583027362823,1.74942946434021,1.5878245561122895
BA046-D0,1,1,1,1,1,1,0,Assossa,1,1,1,1
BA047-D0,1,1,1,1,1,1,0,Assossa,1,1,1,1
BA048-D0,1,1,1,1,1,1,0,Assossa,1,1,1,1
BA050-D0,1,1,1,1,1,1,0,Assossa,1,1,1,1
BA051-D0,1,1,1,1,1,1,0,Assossa,1,1,1,1
BA052-D0,5,6,8,6.081,5,5,1,Assossa,3.874616077542305,4.289755284786224,4.782612049579621,4.3000833697766065
BA053-D0,1,1,1,1,1,1,0,Assossa,1,1,1,1
BA054-D0,4,5,7,5.031,4,4,1,Assossa,3.484001621976495,3.8697905242443085,4.254073940217495,3.8695300289019943
BA055-D0,4,4,5,4.102,4,4,1,Assossa,2.038962146639824,2.2689638137817383,2.514531388133764,2.2696090231239796
BA056-D0,1,1,1,1,3,2,0,Assossa,1,1,1,1
BA057-D0,1,1,1,1,1,1,0,Assossa,1,1,1,1
BA058-D0,1,1,1,1,2,2,0,Assossa,1,1,1,1
BA059-D0,4,4,6,4.12,4,3,1,Assossa,2.5238226249814035,2.746261566877365,3.01412101611495,2.7504355497062205
BA060-D0,1,1,1,1,2,2,0,Assossa,1,1,1,1
BA061-D0,1,1,1,1,1,1,0,Assossa,1,1,1,1
BA062-D0,1,1,1,1,1,1,0,Assossa,1,1,1,1
BA063-D0,4,4,6,4.371,4,3,1,Assossa,1.6996207073330878,1.8864915668964386,2.0628721490502357,1.8867865692973136
BA064-D0,1,1,1,1,1,1,0,Assossa,1,1,1,1
BA065-D0,1,1,1,1,1,1,0,Assossa,1,1,1,1
BA066-D0,1,1,1,1,1,1,0,Assossa,1,1,1,1
BA066-D28,1,1,1,1,1,1,0,Assossa,1,1,1,1
BA067-D0,4,4,5,4.155,4,4,1,Assossa,2.533594947308302,2.794668421149254,3.0612174570560455,2.7937553824484347
BA068-D0,1,1,1,1,1,1,0,Assossa,1,1,1,1
BA068-D21,1,1,1,1,1,1,0,Assossa,1,1,1,1
BA069-D0,1,1,1,1,3,2,0,Assossa,1,1,1,1
BA070-D0,4,4,6,4.307,4,4,1,Assossa,1.8454394340515137,2.016223907470703,2.2374761402606964,2.017256971001625
BA071-D0,1,1,1,1,1,1,0,Assossa,1,1,1,1
BA072-D0,3,3,5,3.14,3,3,1,Assossa,2.0726497173309326,2.2348698377609253,2.4693722397088997,2.2441245644688608
BA073-D0,1,1,1,1,1,1,0,Assossa,1,1,1,1
BA074-D0,2,2,5,2.618,4,4,1,Assossa,1.602366417646408,1.7205904126167297,2.0494301825761796,1.7501858900934457
BA075-D0,4,4,7,4.478,4,3,1,Assossa,1.2319596350193023,1.3372069597244263,1.4557554543018338,1.336905307352543
BA076-D0,4,5,7,4.884,4,4,1,Assossa,1.5681133687496185,1.7163176536560059,1.9063754677772522,1.721794286131859
BA077-D0,4,4,6,4.219,4,2,1,Assossa,1.692973779141903,1.8400503396987915,2.034004807472229,1.84854742538929
BA078-D0,2,2,3,2.048,2,2,1,Assossa,1.4226160019636154,1.534906029701233,1.6578245505690574,1.534804092526436
BA079-D0,3,3,5,3.249,3,3,1,Assossa,2.293805818259716,2.4790526628494263,2.7531789176166055,2.491796409547329
BA081-D0,2,2,2,2.009,2,2,1,Assossa,1.5219335556030273,1.6336147785186768,1.761267064139247,1.638341884240508
BA082-D0,1,1,3,1.231,2,2,0.188,Assossa,1,1,1.0864061295986176,1.0100360783338547
BA083-D0,4,4,5,4.105,4,3,1,Assossa,2.166843178868294,2.3979333639144897,2.6294107466936114,2.3907799575328825
BA084-D0,1,1,1,1,1,1,0,Assossa,1,1,1,1
BA085-D0,5,6,8,5.833,5,5,1,Assossa,3.3103365898132324,3.6809632778167725,4.081898212432861,3.6838579896390438
BA086-D0,1,1,1,1,1,1,0,Assossa,1,1,1,1
BA087-D0,2,2,2,2.004,3,2,1,Assossa,1.7952921438962222,1.8824733681976795,1.9566883593797684,1.8820421693362295
BA088-D0,1,1,1,1,1,1,0,Assossa,1,1,1,1
GM001-D0,2,2,3,2.106,2,2,1,Gondar,1.0809053242206574,1.1557666659355164,1.2672409281134605,1.161685954809189
GM002-D0,1,1,1,1,1,1,0,Gondar,1,1,1,1
GM003-D0,1,2,3,2.041,2,2,0.93,Gondar,1,1.0785823464393616,1.1644788980484009,1.0814635385870934
GM004-D0,1,1,2,1.071,2,1,0.062,Gondar,1,1,1.0799416303634644,1.0043160629868508
GM005-D0,1,1,1,1,1,1,0,Gondar,1,1,1,1
GM006-D0,1,1,1,1,1,1,0,Gondar,1,1,1,1
GM007-D0,1,1,1,1.008,2,1,0.008,Gondar,1,1,1,1.0005340517759322
GM008-D0,2,2,3,2.152,2,2,1,Gondar,1.735153689980507,1.8836469650268555,2.2632863655686375,1.9005236393492668
GM009-D0,4,4,6,4.23,4,3,1,Gondar,2.1184691026806832,2.3806352019309998,2.6841001510620117,2.3837077879309656
GM010-D0,4,5,7,4.941,4,3,1,Gondar,3.000529134273529,3.381643623113632,3.866448497772217,3.397834206521511
GM011-D0,1,1,1,1,3,2,0,Gondar,1,1,1,1
GM011-D14,1,1,1,1,1,1,0,Gondar,1,1,1,1
GM012-D0,1,1,1,1,3,2,0,Gondar,1,1,1,1
GM013-D0,1,1,2,1.039,2,1,0.034,Gondar,1,1,1.024083462357521,1.0020077666640281
GM014-D0,1,1,1,1,1,1,0,Gondar,1,1,1,1
GM015-D0,1,1,1,1,3,2,0,Gondar,1,1,1,1
GM016-D0,1,1,1,1,1,1,0,Gondar,1,1,1,1
GM017-D0,1,1,1,1,1,1,0,Gondar,1,1,1,1
GM018-D0,1,1,1,1,2,2,0,Gondar,1,1,1,1
GM019-D0,2,2,4,2.181,2,2,1,Gondar,1.1968649625778198,1.2998517751693726,1.4217933982610702,1.302415355682373
GM020-D0,1,1,1,1,1,1,0,Gondar,1,1,1,1
GM021-D0,1,1,1,1,1,1,0,Gondar,1,1,1,1
GM022-D0,1,1,2,1.042,2,1,0.04,Gondar,1,1,1.039727807044983,1.0019788526892661
GM023-D0,3,3,4,3.133,3,3,1,Gondar,1.9895207554101944,2.193618655204773,2.4297779709100724,2.196261560082436
GM024-D0,1,1,1,1,1,1,0,Gondar,1,1,1,1
GM025-D0,1,1,1,1,1,1,0,Gondar,1,1,1,1
GM026-D0,1,1,1,1,1,1,0,Gondar,1,1,1,1
GM027-D0,1,1,1,1,1,1,0,Gondar,1,1,1,1
GM027-D21,1,1,1,1,1,1,0,Gondar,1,1,1,1
GM028-D0,1,1,2,1.071,2,1,0.062,Gondar,1,1,1.0598979383707046,1.0037571491599082
GM029-D0,1,1,1,1,3,2,0,Gondar,1,1,1,1
GM030-D0,1,1,1,1,1,1,0,Gondar,1,1,1,1
GM031-D0,1,1,1,1,1,1,0,Gondar,1,1,1,1
GM032-D0,1,1,1,1,1,1,0,Gondar,1,1,1,1
GM033-D0,1,1,2,1.035,2,1,0.034,Gondar,1,1,1.053245347738266,1.0024852061271667
GM034-D0,1,1,1,1,1,1,0,Gondar,1,1,1,1
GM035-D0,1,1,1,1,2,2,0,Gondar,1,1,1,1
GM036-D0,1,2,3,2.081,2,2,0.962,Gondar,1,1.2501303553581238,1.376054275035858,1.2458933235406875
GM037-D0,1,1,1,1,2,2,0,Gondar,1,1,1,1
GM038-D0,1,1,1,1,1,1,0,Gondar,1,1,1,1
GM039-D0,2,2,4,2.218,2,2,1,Gondar,1.5086330860853197,1.6547870635986328,1.8407570898532866,1.6597605488747358
GM040-D0,1,1,1,1,1,1,0,Gondar,1,1,1,1
GM041-D0,2,2,4,2.421,2,2,1,Gondar,1.8592526763677597,1.9608895257115364,2.6118185602128507,2.118323787461035
GM042-D0,1,1,1,1,1,1,0,Gondar,1,1,1,1
GM043-D0,1,1,1,1,1,1,0,Gondar,1,1,1,1
GM044-D0,3,3,4,3.042,4,4,1,Gondar,2.663163125514984,2.8580131605267525,3.2481746673583984,2.855306100444868
GM045-D0,3,4,6,4.092,3,3,1,Gondar,2.42844820022583,2.74171444773674,3.0840723752975463,2.7387118714749814
GM045-D21,1,1,1,1,2,2,0,Gondar,1,1,1,1
GM046-D0,1,1,1,1,1,1,0,Gondar,1,1,1,1
GM046-D28,1,1,1,1,1,1,0,Gondar,1,1,1,1
GM047-D0,1,1,1,1,2,1,0,Gondar,1,1,1,1
GM048-D0,2,2,3,2.111,2,2,1,Gondar,1.3924694061279297,1.5401680916547775,1.7078105211257935,1.5406883814334869
GM049-D0,1,1,1,1,2,2,0,Gondar,1,1,1,1
GM050-D0,2,2,3,2.063,2,2,1,Gondar,1.8606840685009958,1.9426170587539673,2.399433648586273,1.9605556540624238
GM051-D0,1,1,1,1,1,1,0,Gondar,1,1,1,1
GM052-D0,1,1,1,1,1,1,0,Gondar,1,1,1,1
GM053-D0,1,1,1,1,1,1,0,Gondar,1,1,1,1
GM054-D0,1,1,1,1,1,1,0,Gondar,1,1,1,1
GM055-D0,2,3,4,3.038,3,3,1,Gondar,1.8080882132053375,2.176684021949768,2.4192625313997267,2.1666120803020896
GM056-D0,1,1,1,1,3,2,0,Gondar,1,1,1,1
GM057-D0,1,1,1,1,1,1,0,Gondar,1,1,1,1
GM058-D0,1,1,1,1,1,1,0,Gondar,1,1,1,1
GM059-D0,1,1,1,1.009,2,1,0.008,Gondar,1,1,1,1.0003551477789878
GM060-D0,1,1,1,1,3,2,0,Gondar,1,1,1,1
GM061-D0,1,1,1,1,3,2,0,Gondar,1,1,1,1
GM062-D0,1,1,1,1,1,1,0,Gondar,1,1,1,1
GM063-D0,5,5,6,5.156,5,4,1,Gondar,2.0111957907676694,2.3491711616516113,2.642457780241966,2.345627532154322
GM063-D21,1,1,1,1,1,1,0,Gondar,1,1,1,1
GM064-D0,2,2,3,2.116,2,2,1,Gondar,1.7120795249938965,1.853560820221901,2.150664243102074,1.8639798509003596
GM065-D0,3,3,5,3.554,3,3,1,Gondar,2.6121214509010318,2.904836341738701,3.4496198486536738,2.963411386825144
GM066-D0,2,2,3,2.036,2,2,1,Gondar,1.7480826377868652,1.8696989342570305,2.0077457427978516,1.868982077570632
GM067-D0,1,1,1,1,1,1,0,Gondar,1,1,1,1
GM068-D0,3,4,6,3.911,4,3,1,Gondar,2.2986270785331726,2.6077961921691895,2.9558287665247915,2.610173206090927
GM069-D0,2,2,3,2.129,2,2,1,Gondar,1.342603862285614,1.4938124418258667,1.6338751316070557,1.4916683766245842
GM070-D0,2,2,3,2.248,2,2,1,Gondar,1.7858903579413892,1.9115785360336304,2.40271822810173,1.9664982905574142
GM070-D28,1,1,1,1,1,1,0,Gondar,1,1,1,1
GM071-D0,2,2,3,2.371,2,2,1,Gondar,1.863586614653468,1.9642534870654345,2.595618486404419,2.100205129652284
GM072-D0,1,1,1,1,1,1,0,Gondar,1,1,1,1
GM073-D0,1,1,1,1,1,1,0,Gondar,1,1,1,1
GM074-D0,2,2,2,2.009,2,2,1,Gondar,1.7699762027710677,1.8895983062684536,1.9741199700161816,1.886856682855636
GM075-D0,2,2,3,2.149,2,2,1,Gondar,1.1303132802248,1.230662077665329,1.3501190215349197,1.2356721033453941
GM076-D0,6,6,7,6.032,6,5,1,Gondar,2.952694058418274,3.4163074791431427,3.838279232382774,3.4228703840076924
GM076-D21,2,3,5,3.109,3,3,1,Gondar,1.7502153016626836,2.0499775409698486,2.2747003883123393,2.032985773280263
GM077-D0,1,1,1,1,1,1,0,Gondar,1,1,1,1
GM078-D0,3,4,5,3.886,3,3,1,Gondar,2.554563936591148,2.9108269959688187,3.312808394432068,2.919304121121764
GM079-D0,1,1,1,1,1,1,0,Gondar,1,1,1,1
GM080-D0,1,1,1,1,1,1,0,Gondar,1,1,1,1
GM081-D0,2,2,3,2.084,2,2,1,Gondar,1.8666645288467407,1.9449990391731262,2.454186797142029,1.9761704661524855
GM082-D0,2,4,5,4.138,4,2,1,Gondar,1.1313323259353638,1.2395963668823242,1.3825094923377037,1.242704063475132
GM082-D21,1,1,1,1.002,1,1,0.002,Gondar,1,1,1,1.000146641731262
GM083-D0,3,4,5,3.81,3,3,1,Gondar,2.7705330848693848,3.28391170501709,3.705744522809982,3.2356756930518897
GM084-D0,4,4,5,4.2,4,4,1,Gondar,2.395451068878174,2.652589350938797,2.9901798509061335,2.667314272671938
GM085-D0,1,1,1,1,1,1,0,Gondar,1,1,1,1
GM086-D0,1,1,1,1,1,1,0,Gondar,1,1,1,1
GM087-D0,1,1,1,1,1,1,0,Gondar,1,1,1,1
GM088-D0,1,1,1,1.002,1,1,0.002,Gondar,1,1,1,1.0000907747745513
GM089-D0,4,5,6,4.98,4,4,1,Gondar,3.3251591622829437,3.6690950989723206,4.080789744853973,3.6700184654518964
MM001-D0,1,1,1,1,1,1,0,Mizan,1,1,1,1
MM002-D0,1,1,1,1,1,1,0,Mizan,1,1,1,1
MM004-D0,2,2,2,2.02,2,2,1,Mizan,1.8258234065026047,1.9146724231541157,1.9846327573060991,1.915029482086189
MM005-D0,4,5,8,5.62,4,4,1,Mizan,2.435264375805855,2.717020332813263,3.0592405796051025,2.736114517092705
MM006-D0,2,4,6,3.783,4,3,1,Mizan,1.8034143447875977,2.2558147311210632,2.5368920989334582,2.2134661090783774
MM007-D0,4,5,6,4.737,4,4,1,Mizan,2.7528859972953796,3.0510588884353638,3.4242007732391357,3.06485923576355
MM008-D0,2,2,2,2.022,2,2,1,Mizan,1.7693140804767609,1.8732898235321045,1.9803614169359207,1.8733068115729838
MM008-D21,1,1,1,1,2,2,0,Mizan,1,1,1,1
MM009-D0,3,3,4,3.126,3,3,1,Mizan,2.2570789873600003,2.485239028930664,2.814948320388794,2.4911611718088387
MM010-D0,1,1,1,1,1,1,0,Mizan,1,1,1,1
MM011-D0,1,1,1,1,1,1,0,Mizan,1,1,1,1
MM013-D0,1,1,1,1.002,2,2,0.002,Mizan,1,1,1,1.0002748610973358
MM013-D21,1,1,1,1,2,2,0,Mizan,1,1,1,1
MM014-D0,4,4,6,4.391,4,3,1,Mizan,1.4996173977851868,1.6602409482002258,1.8655363321304321,1.6665603339076043
MM015-D0,1,1,1,1,1,1,0,Mizan,1,1,1,1
MM016-D0,2,2,4,2.219,2,2,1,Mizan,1.0339101836085318,1.0849209427833557,1.1648262321949003,1.0889101366996765
MM018-D0,4,5,7,4.736,4,4,1,Mizan,3.1796296536922455,3.533141940832138,4.0784004285931585,3.5638692177683113
MM019-D0,2,2,4,2.213,2,2,1,Mizan,1.0548366904258728,1.1102335453033447,1.1965679854154587,1.1138119058609008
MM020-D0,1,1,1,1,1,1,0,Mizan,1,1,1,1
MM021-D0,1,1,1,1,1,1,0,Mizan,1,1,1,1
MM022-D0,4,4,6,4.218,4,4,1,Mizan,2.256157875061035,2.5080543160438538,2.808439962565899,2.5110929358303546
MM023-D0,1,1,1,1,1,1,0,Mizan,1,1,1,1
MM024-D0,7,7,9,7.252,7,5,1,Mizan,3.744088327884674,4.204954653978348,4.7084978222846985,4.223548258572817
MM024-D28,1,1,1,1,2,1,0,Mizan,1,1,1,1
MM025-D0,5,5,7,5.569,5,4,1,Mizan,4.298940175771714,4.716882809996605,5.36202678270638,4.766916844759137
MM026-D0,2,2,3,2.152,2,2,0.994,Mizan,1.0326120853424072,1.090985119342804,1.1799484476447104,1.0954126921892167
MM027-D0,1,1,1,1.001,1,1,0.001,Mizan,1,1,1,1.0000256605744362
MM028-D0,3,3,4,3.048,3,2,1,Mizan,2.0664243787527083,2.280323177576065,2.50732579305768,2.282180803237483
MM029-D0,3,3,5,3.471,3,3,1,Mizan,1.176897644996643,1.2909096479415894,1.429338099062443,1.2930077638030053
MM030-D0,5,5,7,5.517,4,4,1,Mizan,3.7955837324261665,4.2920501828193665,4.895216979086399,4.305170088127255
MM030-D28,2,2,4,2.251,2,2,1,Mizan,1.0941007733345032,1.1686883866786957,1.266627123951912,1.1727048094272614
MM031-D0,2,2,4,2.212,2,2,1,Mizan,1.202348357439041,1.3147885203361511,1.4319145679473877,1.312789004266262
MM032-D0,1,1,1,1,1,1,0,Mizan,1,1,1,1
MM033-D0,1,1,1,1,1,1,0,Mizan,1,1,1,1
MM033-D21,1,1,1,1,1,1,0,Mizan,1,1,1,1
MM034-D0,2,2,4,2.197,2,2,1,Mizan,1.404849886894226,1.5271217226982117,1.6934432804584503,1.5335496645569802
MM035-D0,2,2,3,2.066,2,2,1,Mizan,1.6998357631266117,1.8209709972143173,2.1006632387638087,1.8297289644815027
MM036-D0,4,5,6.024999999999977,4.719,5,4,1,Mizan,1.672949941456318,1.885830670595169,2.106927944719791,1.885669260263443
MM037-D0,2,3,5,3.25,3,2,1,Mizan,1.060906644165516,1.1222047209739685,1.2298161387443542,1.1278932349085808
MM037-D21,2,2,2,2,2,2,1,Mizan,1.7641543060541152,1.8746833801269531,1.9569008350372314,1.8710736557990313
MM039-D0,4,5,7,4.744,4,4,1,Mizan,1.6832983493804932,1.8490567207336426,2.067249482870102,1.856217834830284
MM041-D0,5,6,8,6.243,4,4,1,Mizan,3.5081894397735596,3.9681746661663055,4.483515332639217,3.974921499542892
MM042-D0,1,1,1,1,1,1,0,Mizan,1,1,1,1
MM043-D0,3,4,6,4.292,3,3,1,Mizan,2.672622501850128,3.0358017683029175,3.4003588274121284,3.028171871587634
MM044-D0,1,1,2,1.056,2,1,0.048,Mizan,1,1,1.0622712090611455,1.0032503654956817
MM044-D21,5,6,8,6.213,5,4,1,Mizan,4.172839845716953,4.7133935540914536,5.317489749193191,4.710848234347999
MM045-D0,3,3,5,3.311,3,3,1,Mizan,1.7886266827583313,2.023327112197876,2.2720335125923157,2.025630359709263
MM045-D28,1,1,1,1,1,1,0,Mizan,1,1,1,1
MM046-D0,1,1,1,1,1,1,0,Mizan,1,1,1,1
MM047-D0,1,1,1,1,1,1,0,Mizan,1,1,1,1
MM047-D21,1,1,1,1,1,1,0,Mizan,1,1,1,1
MM048-D0,5,5,7,5.364,5,4,1,Mizan,3.5023146867752075,3.8692261576652527,4.281679097563028,3.8704649772048
MM048-D21,1,1,1,1,2,2,0,Mizan,1,1,1,1
MM049-D0,1,1,1,1,1,1,0,Mizan,1,1,1,1
MM049-D21,5,6,8,6.339,5,4,1,Mizan,4.129153628647328,4.5586075484752655,5.109869591891766,4.571877356514334
MM050-D0,3,3,5,3.247,3,2,1,Mizan,1.570373773574829,1.7580783367156982,1.9538372308015823,1.756365028142929
MM051-D0,1,1,1,1.006,2,1,0.006,Mizan,1,1,1,1.0000580934286118
MM052-D0,1,1,1,1,1,1,0,Mizan,1,1,1,1
MM053-D0,1,1,1,1,1,1,0,Mizan,1,1,1,1
MM053-D28,2,2,3,2.16,2,2,0.986,Mizan,1.026821307837963,1.0738078355789185,1.1510499179363252,1.0788662821650505
MM054-D0,3,3,5,3.404,3,3,1,Mizan,2.1273747727274896,2.3473663926124573,2.652426093816757,2.3649267380237577
MM055-D0,1,1,1,1.001,1,1,0.001,Mizan,1,1,1,1.0000276950597764
MM055-D21,1,1,1,1,1,1,0,Mizan,1,1,1,1
MM057-D0,2,2,3,2.03,3,3,1,Mizan,1.840880957245827,1.9356593787670135,2.2090488448739047,1.9400909060193225
MM057-D21,3,3,4,3.152,3,3,1,Mizan,2.1397996842861176,2.340948611497879,2.5833454728126526,2.3458420332968233
MM058-D0,2,2,5,2.834,5,2,1,Mizan,1.6047647647559642,1.7927705645561218,2.0863152146339417,1.8142590645328165
MM059-D0,1,1,1,1,2,2,0,Mizan,1,1,1,1
MM059-D21,2,2,4,2.298,2,2,1,Mizan,1.298355221748352,1.4194913506507874,1.5494715720415115,1.4209269749820232
MM060-D0,2,3,5,3.293,3,2,1,Mizan,1.1822240352630615,1.300487995147705,1.4330901920795442,1.3017317789793015
MM060-D28,1,1,1,1,1,1,0,Mizan,1,1,1,1
MM061-D0,2,2,2,2.008,3,3,1,Mizan,1.4952739462256432,1.5998124778270721,1.7204025387763977,1.6018743266165256
MM061-D28,1,1,1,1,2,1,0,Mizan,1,1,1,1
MM062-D0,2,2,4,2.343,2,2,1,Mizan,1.2053154721856116,1.308018445968628,1.4374105781316757,1.310298734486103
MM063-D0,1,1,1,1.002,1,1,0.002,Mizan,1,1,1,1.0001565487384796
MM064-D0,2,2,2,2.003,2,2,1,Mizan,1.8525419365614653,1.934577502310276,1.9779740738216787,1.9279868053877727
MM064-D28,2,2,3,2.143,2,2,1,Mizan,1.4556509256362915,1.5923941135406494,1.7539680898189545,1.5966403688937425
MM065-D0,1,1,1,1,1,1,0,Mizan,1,1,1,1
MM066-D0,2,2,2,2.004,2,2,1,Mizan,1.743665486574173,1.8442497327923775,1.9364644000306726,1.8447192128766328
MM066-D28,1,1,1,1,1,1,0,Mizan,1,1,1,1
MM067-D0,3,3,5,3.432,3,3,1,Mizan,1.3468110769987105,1.507226437330246,1.6997773483395575,1.5146590039134025
MM068-D0,1,1,1,1,1,1,0,Mizan,1,1,1,1
MM069-D0,1,1,1,1,1,1,0,Mizan,1,1,1,1
MM070-D0,3,4,6,4.222,4,2,1,Mizan,1.7847180239856244,2.0248350501060486,2.2823228910565376,2.02962114700675
MM071-D0,1,1,1,1.021,2,1,0.02,Mizan,1,1,1,1.0013042446374893
MM071-D14,2,2,3,2.145,3,2,1,Mizan,1.4423388123512269,1.5724480152130127,1.74374677836895,1.5771316180825234
MM072-D0,1,1,1,1.006,1,1,0.006,Mizan,1,1,1,1.0000907517671584
MM073-D0,2,2,2,2,2,2,1,Mizan,1.8013284876942635,1.8844210915267467,1.9529571623541413,1.8822581731788814
MM073-D21,2,2,3,2.094,2,2,1,Mizan,1.643474531918764,1.7650988548994064,1.9561558097600935,1.771250944264233
MM074-D0,1,1,1,1,1,1,0,Mizan,1,1,1,1
MM075-D0,4,4,7,4.654,4,3,1,Mizan,2.4325410842895505,2.746610462665558,3.077790379524231,2.7497019318044185
MM076-D0,1,1,1,1,2,2,0,Mizan,1,1,1,1
MM077-D0,3,4,6,4.452,5,3,1,Mizan,2.673736333847046,3.0048482418060303,3.4130667746067047,3.0058388239592313
MM077-D21,1,1,1,1,1,1,0,Mizan,1,1,1,1
MM078-D0,1,1,1,1,1,1,0,Mizan,1,1,1,1
MM079-D0,2,2,2,2.018,2,2,1,Mizan,1.7469791769981384,1.867994487285614,1.9603906946256757,1.8620130549408496
MM080-D0,1,1,1,1,1,1,0,Mizan,1,1,1,1
MM081-D0,1,1,1,1.002,1,1,0.002,Mizan,1,1,1,1.0000508995056152
MM082-D0,1,1,1,1,1,1,0,Mizan,1,1,1,1
MM082-Unsch,4,5,7,5.181,5,3,1,Mizan,3.306094762682915,3.6752599477767944,4.123591443896293,3.679491427052766
MM083-D0,4,4,6,4.22,4,4,1,Mizan,2.532621331512928,2.81700336933136,3.1200098425149916,2.822207992434502
MM084-D0,4,5,7,4.767,4,3,1,Mizan,1.9587963819503784,2.1879962682724,2.4599797785282136,2.191250096142292
MM085-D0,1,1,1,1,1,1,0,Mizan,1,1,1,1
MM085-D14,1,1,1,1,1,1,0,Mizan,1,1,1,1
MM086-D0,3,3,4,3.069,3,2,1,Mizan,2.100175392627716,2.3463973701000214,2.609591510891914,2.3477724249511955
MM086-D21,1,1,1,1,1,1,0,Mizan,1,1,1,1
MM087-D0,4,4,6,4.241,4,4,1,Mizan,2.171721398830414,2.3989105224609375,2.6457696557044983,2.4063366394639014
MM088-D0,4,4,7,4.441,4,3,1,Mizan,1.5344886600971221,1.7064208984375,1.8757618471980093,1.7040537073612214
