"id","lastday","outcome"
"AC001",,0
"AC002",,0
"AC003",,0
"AC004",28,1
"AC005",,0
"AC006",,0
"AC007",,0
"AC008",,0
"AC009",,0
"AC010",,0
"AC011",,0
"AC012",,0
"AC013",,0
"AC014",,0
"AC015",28,1
"AC016",,0
"AC017",,0
"AC018",,0
"AC019",,0
"AC020",,0
"AC021",,0
"AC022",21,1
"AC023",,0
"AC024",,0
"AC025",,0
"AC027",,0
"AC028",21,1
"AC029",,0
"AC032",,0
"AC033",28,1
"AC034",,0
"AC036",,0
"AC037",,0
"AC038",,0
"AC039",,0
"AC040",,0
"AC041",,0
"AC043",21,1
"AC044",,0
"AC045",,0
"AC048",,0
"AC049",,0
"AC050",,0
"AC051",,0
"AC052",,0
"AC053",,0
"AC054",,0
"AC055",,0
"AC056",,0
"AC057",,0
"AC058",,0
"AC059",,0
"AC060",,0
"AC061",,0
"AC062",,0
"AC063",,0
"AC064",,0
"AC065",,0
"AC066",,0
"AC067",,0
"AC069",21,1
"AC070",,0
"AC071",,0
"AC072",,0
"AC073",,0
"AC074",,0
"AC075",,0
"AC076",,0
"AC077",,0
"AC078",,0
"AC079",,0
"AC080",,0
"AC081",,0
"AC082",,0
"AC083",,0
"AC084",21,1
"AC085",,0
"AC086",,0
"AC087",,0
"AC088",,0
"AC089",,0
"AC090",,0
"AC091",21,1
"AC092",,0
"AC093",,0
"AC094",,0
"AC095",,0
