"id","smp_id","day","parasite_dens"
"AC001","AC001-D0",0,957
"AC002","AC002-D0",0,116389.73
"AC003","AC003-D0",0,106325.58
"AC004","AC004-D0",0,29353.23
"AC004","AC004-D28",28,4656.55
"AC005","AC005-D0",0,86.13
"AC006","AC006-D0",0,100171.63
"AC007","AC007-D0",0,61000.33
"AC008","AC008-D0",0,440877.03
"AC009","AC009-D0",0,260500.3
"AC010","AC010-D0",0,117278.27
"AC011","AC011-D0",0,127747.02
"AC012","AC012-D0",0,363046.76
"AC013","AC013-D0",0,127124.62
"AC014","AC014-D0",0,45704.67
"AC015","AC015-D0",0,38645.28
"AC015","AC015-D28",28,1480.57
"AC016","AC016-D0",0,356030.08
"AC017","AC017-D0",0,88404.43
"AC018","AC018-D0",0,510873.49
"AC019","AC019-D0",0,169753.49
"AC020","AC020-D0",0,958891.48
"AC021","AC021-D0",0,50610.14
"AC022","AC022-D0",0,19623.82
"AC022","AC022-D21",21,148.86
"AC023","AC023-D0",0,75806.68
"AC024","AC024-D0",0,10107.76
"AC025","AC025-D0",0,358271.36
"AC027","AC027-D0",0,461029.97
"AC028","AC028-D0",0,43456.17
"AC028","AC028-D21",21,5217.01
"AC029","AC029-D0",0,13817.67
"AC032","AC032-D0",0,82867.63
"AC033","AC033-D0",0,664133.86
"AC033","AC033-D28",28,41159.21
"AC034","AC034-D0",0,62220.34
"AC036","AC036-D0",0,17965.44
"AC037","AC037-D0",0,267493.06
"AC038","AC038-D0",0,96211.53
"AC039","AC039-D0",0,192818.65
"AC040","AC040-D0",0,3336.05
"AC041","AC041-D0",0,32394.3
"AC043","AC043-D0",0,188760.79
"AC043","AC043-D21",21,905.38
"AC044","AC044-D0",0,848.82
"AC045","AC045-D0",0,66329.74
"AC048","AC048-D0",0,10642.66
"AC049","AC049-D0",0,6999.96
"AC050","AC050-D0",0,140102.29
"AC051","AC051-D0",0,56357.12
"AC052","AC052-D0",0,9989.76
"AC053","AC053-D0",0,50669.44
"AC054","AC054-D0",0,125305.56
"AC055","AC055-D0",0,40327.56
"AC056","AC056-D0",0,25994.61
"AC057","AC057-D0",0,191832.65
"AC058","AC058-D0",0,126872.94
"AC059","AC059-D0",0,247655.22
"AC060","AC060-D0",0,218529.79
"AC061","AC061-D0",0,16373.53
"AC062","AC062-D0",0,277822.83
"AC063","AC063-D0",0,34220.86
"AC064","AC064-D0",0,24665.33
"AC065","AC065-D0",0,9920.74
"AC066","AC066-D0",0,25680.7
"AC067","AC067-D0",0,223336.97
"AC069","AC069-D0",0,58816.74
"AC069","AC069-D21",21,430923.54
"AC070","AC070-D0",0,59464.79
"AC071","AC071-D0",0,216500.48
"AC072","AC072-D0",0,54574.19
"AC073","AC073-D0",0,9085.94
"AC074","AC074-D0",0,19938.21
"AC075","AC075-D0",0,9366.88
"AC076","AC076-D0",0,435054.49
"AC077","AC077-D0",0,37463.75
"AC078","AC078-D0",0,948589.38
"AC079","AC079-D0",0,4640.76
"AC080","AC080-D0",0,447339.52
"AC081","AC081-D0",0,26731.15
"AC082","AC082-D0",0,2013.85
"AC083","AC083-D0",0,227340.59
"AC084","AC084-D0",0,52141.88
"AC084","AC084-D21",21,1963.61
"AC085","AC085-D0",0,110120.94
"AC086","AC086-D0",0,375482.43
"AC087","AC087-D0",0,454646.44
"AC088","AC088-D0",0,279366.6
"AC089","AC089-D0",0,12058.5
"AC090","AC090-D0",0,44967.68
"AC091","AC091-D0",0,74079.5
"AC091","AC091-D21",21,235.32
"AC092","AC092-D0",0,214441.4
"AC093","AC093-D0",0,11500.47
"AC094","AC094-D0",0,185113.31
"AC095","AC095-D0",0,115810.01
